date,date_start,date_end,date_middle,pollster,sample_size,FF,FG,SF,LAB,GP,PD,WP,DL,SPBP,RENUA,SD,AU,OTH_IND
1982-10-30,1982-10-20,1982-10-21,1982-10-20,TNS-MRBI,1000,42,42,NA,8,NA,NA,NA,NA,NA,NA,NA,NA,8
1982-11-15,1982-11-11,1982-11-12,1982-11-11,TNS-MRBI,1000,44,42,NA,10,NA,NA,NA,NA,NA,NA,NA,NA,4
1982-11-23,1982-11-19,1982-11-29,1982-11-24,TNS-MRBI,1026,44,41,NA,9,NA,NA,NA,NA,NA,NA,NA,NA,6
1983-02-16,1983-02-10,1983-02-11,1983-02-10,TNS-MRBI,1000,46,42,NA,7,NA,NA,3,NA,NA,NA,NA,NA,2
1983-03-02,1983-02-01,1983-03-02,1983-02-15,TNS-MRBI,1000,45,41,NA,8,NA,NA,NA,NA,NA,NA,NA,NA,6
1983-05-22,1983-04-01,1983-04-30,1983-04-15,IMS,1300,44,43,NA,9,NA,NA,5,NA,NA,NA,NA,NA,-1
1983-09-06,1983-08-31,1983-09-01,1983-08-31,TNS-MRBI,1000,48,36,NA,8,NA,NA,NA,NA,NA,NA,NA,NA,8
1984-01-01,1984-01-01,1984-01-14,1984-01-07,IMS,1000,46,36,NA,10,NA,NA,4,NA,NA,NA,NA,NA,4
1984-03-07,1984-02-01,1984-02-14,1984-02-07,IMS,1300,48,38,NA,7,NA,NA,NA,NA,NA,NA,NA,NA,7
1984-04-12,1984-03-01,1984-04-14,1984-03-23,IMS,1300,45,39,NA,9,NA,NA,4,NA,NA,NA,NA,NA,3
1984-05-08,1984-04-01,1984-04-14,1984-04-07,IMS,1300,49,33,NA,9,NA,NA,5,NA,NA,NA,NA,NA,4
1984-05-21,1984-05-09,1984-05-10,1984-05-09,TNS-MRBI,1000,49,38,NA,8,NA,NA,NA,NA,NA,NA,NA,NA,5
1984-10-30,1984-10-01,1984-10-30,1984-10-15,TNS-MRBI,1000,51,36,NA,7,NA,NA,NA,NA,NA,NA,NA,NA,6
1985-02-11,1985-02-04,1985-02-05,1985-02-04,TNS-MRBI,1000,52,35,NA,6,NA,NA,NA,NA,NA,NA,NA,NA,7
1985-04-19,1985-03-01,1985-03-19,1985-03-10,IMS,1311,55,30,NA,7,NA,5,NA,NA,NA,NA,NA,NA,3
1985-04-29,1985-04-22,1985-04-23,1985-04-22,TNS-MRBI,1000,51,34,NA,6,NA,NA,NA,NA,NA,NA,NA,NA,9
1985-07-30,1985-07-18,1985-07-19,1985-07-18,TNS-MRBI,1000,52,33,NA,5,NA,NA,NA,NA,NA,NA,NA,NA,10
1985-09-01,1985-07-27,1985-08-16,1985-08-06,IMS,1300,55,30,NA,7,NA,NA,5,NA,NA,NA,NA,NA,3
1985-11-11,1985-10-03,1985-10-11,1985-10-07,IMS,1000,55,30,1,6,NA,NA,3,NA,NA,NA,NA,NA,5
1985-11-25,1985-11-19,1985-11-20,1985-11-19,TNS-MRBI,1000,51,37,NA,6,NA,NA,NA,NA,NA,NA,NA,NA,6
1985-12-01,1985-11-20,1985-11-22,1985-11-21,IMS,1000,49,36,NA,7,NA,3,NA,NA,NA,NA,NA,NA,5
1986-01-17,1986-01-13,1986-01-14,1986-01-13,IMS,1050,41,29,NA,6,NA,19,NA,NA,NA,NA,NA,NA,5
1986-03-02,1986-02-01,1986-03-02,1986-02-15,TNS-MRBI,1000,42,23,NA,4,NA,NA,NA,NA,NA,NA,NA,NA,31
1986-04-13,1986-03-26,1986-04-07,1986-04-01,IMS,1280,47,25,NA,5,NA,16,4,NA,NA,NA,NA,NA,3
1986-05-06,1986-04-28,1986-04-29,1986-04-28,TNS-MRBI,1000,48,26,NA,5,NA,17,NA,NA,NA,NA,NA,NA,4
1986-06-15,1986-05-29,1986-06-09,1986-06-03,IMS,1276,46,27,NA,7,NA,15,3,NA,NA,NA,NA,NA,2
1986-06-26,1986-06-19,1986-06-20,1986-06-19,TNS-MRBI,1000,51,25,NA,4,NA,15,NA,NA,NA,NA,NA,NA,5
1986-10-19,1986-10-01,1986-10-13,1986-10-07,IMS,1317,53,27,NA,6,NA,9,3,NA,NA,NA,NA,NA,2
1986-11-03,1986-10-28,1986-10-29,1986-10-28,TNS-MRBI,1000,46,29,2,5,NA,15,NA,NA,NA,NA,NA,NA,3
1986-12-14,1986-11-21,1986-12-01,1986-11-26,IMS,1321,51,24,NA,6,NA,13,2,NA,NA,NA,NA,NA,4
1987-01-28,1987-01-14,1987-01-27,1987-01-20,TNS-MRBI,1000,52,23,1,5,NA,15,NA,NA,NA,NA,NA,NA,4
1987-02-04,1987-01-31,1987-02-01,1987-01-31,IMS,1045,48,22,NA,6,NA,17,NA,NA,NA,NA,NA,NA,7
1987-02-15,1987-02-11,1987-02-11,1987-02-11,TNS-MRBI,1000,48,25,1,6,NA,16,2,NA,NA,NA,NA,NA,2
1987-03-02,1987-02-16,1987-03-01,1987-02-22,TNS-MRBI,1000,50,24,NA,5,NA,NA,NA,NA,NA,NA,NA,NA,21
1987-04-08,1987-04-03,1987-04-03,1987-04-03,TNS-MRBI,1000,46,27,NA,6,NA,14,5,NA,NA,NA,NA,NA,2
1987-05-20,1987-05-14,1987-05-14,1987-05-14,TNS-MRBI,1000,41,33,NA,5,NA,14,5,NA,NA,NA,NA,NA,2
1987-11-16,1987-11-06,1987-11-08,1987-11-07,TNS-MRBI,1000,40,32,NA,6,NA,14,5,NA,NA,NA,NA,NA,3
1988-02-08,1988-02-01,1988-02-02,1988-02-01,TNS-MRBI,1000,44,28,NA,7,NA,14,4,NA,NA,NA,NA,NA,3
1988-02-21,1988-02-02,1988-02-10,1988-02-06,IMS,1289,47,24,NA,9,NA,13,4,NA,NA,NA,NA,NA,3
1988-04-19,1988-04-08,1988-04-10,1988-04-09,IMS,1036,46,22,NA,8,NA,15,4,NA,NA,NA,NA,NA,5
1988-05-23,1988-05-14,1988-05-16,1988-05-15,TNS-MRBI,1000,50,27,NA,7,NA,10,4,NA,NA,NA,NA,NA,2
1988-08-21,1988-07-22,1988-07-29,1988-07-25,IMS,1306,51,28,NA,7,NA,7,3,NA,NA,NA,NA,NA,4
1988-10-17,1988-10-05,1988-10-06,1988-10-05,TNS-MRBI,1000,50,26,NA,10,NA,7,4,NA,NA,NA,NA,NA,3
1988-12-17,1988-12-05,1988-12-06,1988-12-05,TNS-MRBI,1000,51,26,NA,9,NA,8,3,NA,NA,NA,NA,NA,3
1989-01-22,1989-01-06,1989-01-13,1989-01-09,IMS,1275,51,28,NA,7,NA,8,3,NA,NA,NA,NA,NA,3
1989-02-06,1989-01-30,1989-01-31,1989-01-30,TNS-MRBI,1000,54,25,NA,8,NA,8,3,NA,NA,NA,NA,NA,2
1989-05-07,1989-04-19,1989-04-28,1989-04-23,IMS,1270,50,28,NA,8,NA,6,4,NA,NA,NA,NA,NA,4
1989-05-29,1989-05-26,1989-05-27,1989-05-26,Landsdowne,1053,51,27,NA,8,NA,8,3,NA,NA,NA,NA,NA,3
1989-06-01,1989-05-27,1989-05-29,1989-05-28,TNS-MRBI,1000,50,28,NA,9,NA,5,5,NA,NA,NA,NA,NA,3
1989-06-06,1989-06-02,1989-06-02,1989-06-02,IMS,1045,47,25,NA,12,NA,8,4,NA,NA,NA,NA,NA,4
1989-06-11,1989-06-08,1989-06-08,1989-06-08,IMS,1050,45,28,NA,10,NA,6,6,NA,NA,NA,NA,NA,5
1989-06-12,1989-06-09,1989-06-09,1989-06-09,TNS-MRBI,1010,47,28,NA,8,NA,6,6,NA,NA,NA,NA,NA,5
1989-07-06,1989-07-04,1989-07-04,1989-07-04,IMS,1053,44,29,NA,10,NA,5,7,NA,NA,NA,NA,NA,5
1989-07-06,1989-07-04,1989-07-04,1989-07-04,TNS-MRBI,1000,43,31,NA,11,NA,4,6,NA,NA,NA,NA,NA,5
1989-11-27,1989-11-18,1989-11-20,1989-11-19,TNS-MRBI,1000,51,28,NA,8,4,3,4,NA,NA,NA,NA,NA,2
1990-02-12,1990-02-05,1990-02-06,1990-02-05,TNS-MRBI,1000,50,29,NA,10,2,4,3,NA,NA,NA,NA,NA,2
1990-02-18,1990-02-06,1990-02-14,1990-02-10,IMS,1279,51,26,NA,9,3,5,4,NA,NA,NA,NA,NA,2
1990-05-28,1990-05-18,1990-05-21,1990-05-19,TNS-MRBI,1000,51,23,NA,10,2,7,4,NA,NA,NA,NA,NA,3
1990-06-25,1990-06-02,1990-06-09,1990-06-05,IMS,1251,52,24,NA,9,3,5,5,NA,NA,NA,NA,NA,2
1990-07-22,1990-07-01,1990-07-09,1990-07-05,IMS,1275,56,21,NA,8,3,4,5,NA,NA,NA,NA,NA,3
1990-10-10,1990-10-05,1990-10-06,1990-10-05,TNS-MRBI,1000,49,24,NA,12,4,4,4,NA,NA,NA,NA,NA,3
1990-10-14,1990-10-01,1990-10-09,1990-10-05,IMS,1273,55,25,NA,8,1,3,5,NA,NA,NA,NA,NA,3
1990-10-31,1990-10-27,1990-10-29,1990-10-28,IMS,1057,49,26,NA,11,2,7,4,NA,NA,NA,NA,NA,1
1990-11-06,1990-11-02,1990-11-03,1990-11-02,TNS-MRBI,1000,52,26,NA,10,2,5,3,NA,NA,NA,NA,NA,2
1990-11-18,1990-11-14,1990-11-15,1990-11-14,IMS,1058,53,23,NA,11,2,5,4,NA,NA,NA,NA,NA,2
1990-12-10,1990-12-05,1990-12-06,1990-12-05,IMS,1050,51,26,NA,11,1,6,4,NA,NA,NA,NA,NA,1
1991-01-28,1991-01-23,1991-01-23,1991-01-23,TNS-MRBI,1000,51,23,NA,12,2,5,5,NA,NA,NA,NA,NA,2
1991-03-10,1991-02-21,1991-02-28,1991-02-24,TNS-MRBI,1298,52,24,NA,11,2,4,4,NA,NA,NA,NA,NA,3
1991-03-16,1991-03-11,1991-03-12,1991-03-11,IMS,1050,57,23,NA,10,1,4,3,NA,NA,NA,NA,NA,2
1991-04-22,1991-04-15,1991-04-16,1991-04-15,TNS-MRBI,1000,49,23,NA,11,2,6,6,NA,NA,NA,NA,NA,3
1991-06-19,1991-05-30,1991-06-07,1991-06-03,IMS,1227,48,25,NA,12,2,4,5,NA,NA,NA,NA,NA,4
1991-06-23,1991-06-19,1991-06-20,1991-06-19,IMS,1053,49,22,NA,12,3,6,5,NA,NA,NA,NA,NA,3
1991-06-24,1991-06-17,1991-06-18,1991-06-17,TNS-MRBI,1000,45,25,NA,11,3,7,6,NA,NA,NA,NA,NA,3
1991-07-14,1991-07-05,1991-07-06,1991-07-05,IMS,1057,43,23,NA,14,4,6,5,NA,NA,NA,NA,NA,5
1991-09-28,1991-09-24,1991-09-25,1991-09-24,IMS,1058,41,28,NA,12,4,8,6,NA,NA,NA,NA,NA,1
1991-10-14,1991-10-09,1991-10-10,1991-10-09,TNS-MRBI,1000,41,26,NA,15,3,7,5,NA,NA,NA,NA,NA,3
1991-11-16,1991-11-13,1991-11-14,1991-11-13,IMS,1052,43,27,NA,14,3,9,3,NA,NA,NA,NA,NA,1
1991-12-13,1991-12-01,1991-12-12,1991-12-06,TNS-MRBI,1000,37.4,27.8,NA,15.1,NA,5.3,5.3,NA,NA,NA,NA,NA,9.1
1991-12-15,1991-11-30,1991-12-06,1991-12-03,IMS,1298,48,24,NA,13,3,6,4,NA,NA,NA,NA,NA,2
1991-12-16,1991-12-10,1991-12-11,1991-12-10,TNS-MRBI,1000,40,26,NA,15,3,8,4,NA,NA,NA,NA,NA,4
1992-01-25,1992-01-23,1992-01-23,1992-01-23,IMS,1050,44,26,NA,14,3,8,3,NA,NA,NA,NA,NA,2
1992-02-23,1992-02-19,1992-02-20,1992-02-19,IMS,1056,53,22,NA,12,2,6,4,NA,NA,NA,NA,NA,1
1992-03-03,1992-02-24,1992-02-25,1992-02-24,TNS-MRBI,1000,53,23,NA,12,3,4,3,NA,NA,NA,NA,NA,2
1992-05-09,1992-04-24,1992-05-02,1992-04-28,IMS,1295,56,22,NA,10,2,5,3,NA,NA,NA,NA,NA,2
1992-05-12,1992-04-29,1992-05-11,1992-05-05,TNS-MRBI,1000,51,21,NA,13,2,9,1,2,NA,NA,NA,NA,1
1992-06-11,1992-06-06,1992-06-06,1992-06-06,IMS,1056,51,21,NA,13,4,6,2,1,NA,NA,NA,NA,2
1992-06-11,1992-06-08,1992-06-08,1992-06-08,TNS-MRBI,1000,53,22,NA,11,4,5,2,2,NA,NA,NA,NA,1
1992-06-15,1992-06-15,1992-06-15,1992-06-15,TNS-MRBI,1000,53,22,NA,12,2,6,2,1,NA,NA,NA,NA,2
1992-07-12,1992-06-26,1992-07-04,1992-06-30,IMS,1257,51,21,NA,14,3,5,2,1,NA,NA,NA,NA,3
1992-09-30,1992-09-24,1992-09-25,1992-09-24,TNS-MRBI,1000,49,23,NA,12,3,3,2,4,NA,NA,NA,NA,4
1992-10-23,1992-10-18,1992-10-19,1992-10-18,IMS,1057,50,23,NA,12,2,4,3,2,NA,NA,NA,NA,4
1992-11-09,1992-11-07,1992-11-07,1992-11-07,IMS,1054,47,23,NA,15,1,7,4,1,NA,NA,NA,NA,2
1992-11-12,1992-11-09,1992-11-09,1992-11-09,TNS-MRBI,1000,40,24,NA,17,2,8,2,4,NA,NA,NA,NA,3
1992-11-15,1992-11-13,1992-11-13,1992-11-13,IMS,1059,41,24,NA,19,2,6,2,2,NA,NA,NA,NA,4
1992-11-19,1992-11-17,1992-11-17,1992-11-17,IMS,1055,42,24,NA,19,1,5,2,2,NA,NA,NA,NA,5
1992-11-24,1992-11-09,1992-11-24,1992-11-16,TNS-MRBI,1000,40,25,NA,22,1,6,1,2,NA,NA,NA,NA,3
1992-12-06,1992-12-04,1992-12-04,1992-12-04,IMS,1055,39,19,NA,30,1,6,1,1,NA,NA,NA,NA,3
1993-01-08,1993-01-08,1993-01-08,1993-01-08,IMS,1056,43,20,NA,26,1,5,2,1,NA,NA,NA,NA,2
1993-02-02,1993-01-29,1993-01-29,1993-01-29,IMS,1056,43,20,NA,27,1,6,1,1,NA,NA,NA,NA,1
1993-03-05,1993-03-01,1993-03-01,1993-03-01,TNS-MRBI,1000,42,23,NA,16,2,3,2,3,NA,NA,NA,NA,9
1993-04-18,1993-04-01,1993-04-08,1993-04-04,IMS,1272,46,20,NA,21,2,7,2,1,NA,NA,NA,NA,1
1993-07-07,1993-07-01,1993-07-02,1993-07-01,TNS-MRBI,1000,42,19,1,18,2,11,2,3,NA,NA,NA,NA,2
1993-07-11,1993-06-25,1993-07-02,1993-06-28,IMS,1247,44,18,NA,20,2,9,4,2,NA,NA,NA,NA,1
1993-08-23,1993-08-16,1993-08-23,1993-08-19,IMS,1000,49,20,NA,16,2,6,3,2,NA,NA,NA,NA,2
1993-10-07,1993-10-01,1993-10-02,1993-10-01,TNS-MRBI,1000,44,19,1,18,2,9,2,2,NA,NA,NA,NA,3
1993-10-10,1993-10-07,1993-10-07,1993-10-07,IMS,1052,47,19,NA,15,3,9,2,1,NA,NA,NA,NA,4
1993-11-29,1993-11-22,1993-11-23,1993-11-22,TNS-MRBI,1000,47,18,NA,16,2,11,1,1,NA,NA,NA,NA,4
1994-01-23,1994-01-20,1994-01-20,1994-01-20,IMS,1057,48,19,NA,18,1.5,7,2.5,1.5,NA,NA,NA,NA,2.5
1994-02-07,1994-01-31,1994-01-31,1994-01-31,TNS-MRBI,1000,50,16,1,13,2,12,2,2,NA,NA,NA,NA,2
1994-02-27,1994-02-23,1994-02-23,1994-02-23,IMS,1053,49,22,1,14,1,7,1,1,NA,NA,NA,NA,4
1994-03-27,1994-03-24,1994-03-24,1994-03-24,IMS,1058,46,20,2,17,2,8,3,1,NA,NA,NA,NA,1
1994-05-30,1994-05-28,1994-05-30,1994-05-29,TNS-MRBI,1600,45,20,NA,16,3,6,3,2,NA,NA,NA,NA,5
1994-06-02,1994-05-27,1994-05-28,1994-05-27,IMS,1525,46,21,NA,16,NA,5,2,2,NA,NA,NA,NA,8
1994-07-23,1994-07-15,1994-07-21,1994-07-18,IMS,1265,45,22,2,14,8,5,2,1,NA,NA,NA,NA,1
1994-08-30,1994-08-22,1994-08-22,1994-08-22,TNS-MRBI,1000,42,22,NA,16,7,6,2,1,NA,NA,NA,NA,4
1994-11-06,1994-11-03,1994-11-03,1994-11-03,IMS,1055,50,19,3,12,8,4,3,1,NA,NA,NA,NA,0
1994-11-21,1994-11-18,1994-11-18,1994-11-18,TNS-MRBI,1000,35,21,NA,22,4,9,NA,5,NA,NA,NA,NA,4
1994-11-28,1994-11-25,1994-11-25,1994-11-25,TNS-MRBI,1000,44,23,2,18,4,5,NA,2,NA,NA,NA,NA,2
1995-01-21,1995-01-19,1995-01-19,1995-01-19,IMS,1050,46,22,NA,16,5,5,NA,NA,NA,NA,NA,NA,6
1995-02-18,1995-02-13,1995-02-13,1995-02-13,TNS-MRBI,1000,47,23,2,15,3,6,1,2,NA,NA,NA,NA,1
1995-04-15,1995-04-12,1995-04-12,1995-04-12,IMS,1057,42,26,NA,15,6,4,NA,NA,NA,NA,NA,NA,7
1995-05-21,1984-05-18,1984-05-18,1984-05-18,IMS,1050,47,23,3,15,3,4,2,2,NA,NA,NA,NA,1
1995-10-06,1995-09-29,1995-09-30,1995-09-29,TNS-MRBI,1000,45,23,NA,16,4,7,NA,1,NA,NA,NA,NA,4
1995-10-08,1995-10-05,1995-10-05,1995-10-05,IMS,1051,50,22,2,10,5,4,2,1,NA,NA,NA,NA,4
1995-11-08,1995-11-03,1995-11-04,1995-11-03,TNS-MRBI,1000,51,21,2,11,3,7,1,1,NA,NA,NA,NA,3
1995-11-18,1995-11-18,1995-11-18,1995-11-18,TNS-MRBI,1000,48,24,NA,12,NA,NA,NA,NA,NA,NA,NA,NA,16
1996-02-17,1996-02-14,1996-02-14,1996-02-14,IMS,1050,50,24,3,13,3,3,1,1,NA,NA,NA,NA,2
1996-06-08,1996-06-04,1996-06-04,1996-06-04,TNS-MRBI,1000,47,26,2,10,3,7,NA,2,NA,NA,NA,NA,3
1996-07-07,1996-07-04,1996-07-04,1996-07-04,IMS,1056,47,24,2,11,4,5,1,2,NA,NA,NA,NA,4
1996-10-01,1996-09-24,1996-09-25,1996-09-24,TNS-MRBI,1000,45,25,NA,13,3,6,NA,2,NA,NA,NA,NA,6
1996-10-13,1996-10-10,1996-10-10,1996-10-10,IMS,1054,50,21,2,12,4,5,2,2,NA,NA,NA,NA,2
1996-12-01,1996-11-28,1996-11-28,1996-11-28,IMS,1056,47,24,3,12,3,7,1,1,NA,NA,NA,NA,2
1996-12-13,1996-12-05,1996-12-06,1996-12-05,TNS-MRBI,1000,46,24,NA,10,2,11,NA,2,NA,NA,NA,NA,5
1996-12-20,1996-12-17,1996-12-17,1996-12-17,IMS,1050,40,25,1,12,4,11,2,1,NA,NA,NA,NA,4
1997-02-01,1997-01-27,1997-01-28,1997-01-27,TNS-MRBI,1000,45,27,NA,10,3,9,NA,2,NA,NA,NA,NA,4
1997-03-16,1997-03-14,1997-03-14,1997-03-14,IMS,1058,45,26,2,13,4,5,1,1,NA,NA,NA,NA,3
1997-04-03,1997-03-26,1997-03-27,1997-03-26,TNS-MRBI,1000,43,30,NA,11,2,8,NA,2,NA,NA,NA,NA,4
1997-05-08,1997-05-03,1997-05-04,1997-05-03,TNS-MRBI,1000,43,26,1,12,3,8,NA,2,NA,NA,NA,NA,5
1997-05-16,1997-05-14,1997-05-14,1997-05-14,IMS,1107,42,26,3,12,4,6,1,2,NA,NA,NA,NA,4
1997-05-22,1997-05-19,1997-05-20,1997-05-19,TNS-MRBI,1000,43,26,NA,10,3,7,NA,2,NA,NA,NA,NA,9
1997-05-25,1997-05-22,1997-05-22,1997-05-22,IMS,1116,41,26,2,14,4,5,NA,2,NA,NA,NA,NA,6
1997-05-28,1997-05-26,1997-05-26,1997-05-26,IMS,1115,41,26,4,10,4,5,1,2,NA,NA,NA,NA,7
1997-05-31,1997-05-28,1997-05-28,1997-05-28,TNS-MRBI,1000,42,26,NA,11,4,7,NA,2,NA,NA,NA,NA,8
1997-06-01,1997-05-29,1997-05-29,1997-05-29,IMS,1115,40,29,2,11,4,6,1,2,NA,NA,NA,NA,5
1997-06-07,1997-06-06,1997-06-06,1997-06-06,TNS-MRBI,1000,44,27,NA,8,3,4,NA,3,NA,NA,NA,NA,11
1997-07-20,1997-07-17,1997-07-17,1997-07-17,IMS,1112,51,28,1,7,5,3,1,1,NA,NA,NA,NA,3
1997-09-18,1997-09-18,1997-09-18,1997-09-18,IMS,980,48,27,2,12,4,3,NA,2,NA,NA,NA,NA,2
1997-10-02,1997-09-27,1997-09-27,1997-09-27,TNS-MRBI,1000,50,25,2,13,3,2,1,1,NA,NA,NA,NA,3
1997-10-05,1997-10-02,1997-10-02,1997-10-02,IMS,1107,50,24,3,13,3,2,1,1,NA,NA,NA,NA,3
1997-10-25,1997-10-25,1997-10-25,1997-10-25,IMS,986,50,27,2,9,4,3,NA,NA,NA,NA,NA,NA,5
1997-10-26,1997-10-23,1997-10-23,1997-10-23,IMS,937,52,26,4,10,3,2,1,1,NA,NA,NA,NA,1
1997-11-11,1997-11-08,1997-11-08,1997-11-08,IMS,1106,52,24,2,12,2,3,1,1,NA,NA,NA,NA,3
1997-11-30,1997-11-27,1997-11-27,1997-11-27,IMS,1101,55,25,3,10,2,2,NA,1,NA,NA,NA,NA,2
1997-11-30,1997-11-01,1997-11-30,1997-11-15,TNS-MRBI,1000,50,26,NA,13,NA,NA,NA,NA,NA,NA,NA,NA,11
1997-12-10,1997-12-05,1997-12-06,1997-12-05,TNS-MRBI,1000,50,26,1,13,2,3,NA,2,NA,NA,NA,NA,3
1997-12-29,1997-12-18,1997-12-18,1997-12-18,IMS,1107,56,22,2,12,2,3,NA,1,NA,NA,NA,NA,2
1998-02-01,1998-01-29,1998-01-29,1998-01-29,IMS,1000,54,24,3,12,3,2,NA,1,NA,NA,NA,NA,1
1998-03-30,1998-03-14,1998-03-29,1998-03-21,IMS,1000,49,23,2,14,3,3,1,2,NA,NA,NA,NA,3
1998-04-17,1998-04-13,1998-04-14,1998-04-13,TNS-MRBI,1000,57,20,4,11,2,3,NA,1,NA,NA,NA,NA,2
1998-05-18,1998-05-12,1998-05-13,1998-05-12,TNS-MRBI,1000,63,18,3,9,2,1,1,1,NA,NA,NA,NA,2
1998-05-18,1998-05-18,1998-05-18,1998-05-18,IMS,946,54,21,3,11,4,2,1,NA,NA,NA,NA,NA,4
1998-10-09,1998-10-05,1998-10-06,1998-10-05,TNS-MRBI,1000,56,20,3,12,3,2,NA,2,NA,NA,NA,NA,2
1998-10-18,1998-10-15,1998-10-15,1998-10-15,IMS,1105,55,21,2,12,3,2,NA,1,NA,NA,NA,NA,4
1999-01-04,1998-12-16,1998-12-16,1998-12-16,IMS,1050,55,21,3,11,3,3,1,NA,NA,NA,NA,NA,3
1999-01-31,1998-01-28,1998-01-28,1998-01-28,IMS,1104,49,23,3,13,4,3,1,NA,NA,NA,NA,NA,4
1999-02-26,1999-02-23,1999-02-24,1999-02-23,TNS-MRBI,1000,48,25,2,14,3,4,NA,NA,NA,NA,NA,NA,4
1999-05-09,1999-05-06,1999-05-06,1999-05-06,IMS,1111,47,22,4,14,4,5,1,NA,NA,NA,NA,NA,3
1999-05-13,1999-05-09,1999-05-10,1999-05-09,TNS-MRBI,1000,46,24,3,15,2,5,NA,NA,NA,NA,NA,NA,5
1999-06-05,1999-06-02,1999-06-03,1999-06-02,TNS-MRBI,1000,51,25,3,11,4,2,1,NA,NA,NA,NA,NA,3
1999-10-24,1999-10-21,1999-10-21,1999-10-21,IMS,1101,45,24,5,15,3,3,1,NA,NA,NA,NA,NA,4
1999-11-05,1999-11-02,1999-11-03,1999-11-02,TNS-MRBI,1000,47,23,4,14,2,4,NA,NA,NA,NA,NA,NA,6
2000-01-21,2000-01-17,2000-01-18,2000-01-17,TNS-MRBI,1000,49,26,3,11,3,3,NA,NA,NA,NA,NA,NA,5
2000-02-20,2000-02-17,2000-02-17,2000-02-17,IMS,1103,53,21,4,13,3,2,NA,NA,NA,NA,NA,NA,4
2000-04-22,2000-04-17,2000-04-18,2000-04-17,TNS-MRBI,1000,51,22,3,10,4,4,NA,NA,NA,NA,NA,NA,6
2000-04-30,2000-04-27,2000-04-27,2000-04-27,IMS,1102,49,21,4,13,6,3,1,NA,NA,NA,NA,NA,3
2000-06-16,2000-06-02,2000-06-15,2000-06-08,TNS-MRBI,1000,45,18,5,13,5,4,1,NA,NA,NA,NA,NA,9
2000-06-18,2000-06-15,2000-06-15,2000-06-15,IMS,1108,46,23,4,13,6,2,1,NA,NA,NA,NA,NA,5
2000-09-29,2000-09-11,2000-09-22,2000-09-16,TNS-MRBI,1000,45,22,5,14,4,3,NA,NA,NA,NA,NA,NA,7
2000-11-20,2000-11-16,2000-11-16,2000-11-16,IMS,1104,47,23,6,12,5,3,NA,NA,NA,NA,NA,NA,4
2001-01-26,2001-01-22,2001-01-23,2001-01-22,TNS-MRBI,1000,41,20,6,15,5,4,NA,NA,NA,NA,NA,NA,9
2001-02-04,2001-02-01,2001-02-01,2001-02-01,IMS,1009,46,25,4,11,4,4,1,NA,NA,NA,NA,NA,5
2001-02-05,2001-01-29,2001-01-30,2001-01-29,TNS-MRBI,1000,43,28,6,12,3,2,NA,NA,NA,NA,NA,NA,6
2001-05-18,2001-05-13,2001-05-14,2001-05-13,TNS-MRBI,1000,42,24,6,13,3,4,NA,NA,NA,NA,NA,NA,8
2001-05-20,2001-05-17,2001-05-17,2001-05-17,IMS,1104,49,24,4,13,5,3,1,NA,NA,NA,NA,NA,1
2001-05-28,2001-05-14,2001-05-27,2001-05-20,TNS-MRBI,1000,42,26,NA,11,4,7,NA,NA,NA,NA,NA,NA,10
2001-06-04,2001-05-29,2001-05-30,2001-05-29,TNS-MRBI,1000,42,24,5,12,5,3,NA,NA,NA,NA,NA,NA,9
2001-09-30,2001-09-27,2001-09-27,2001-09-27,IMS,1050,51,22,6,10,4,3,1,NA,NA,NA,NA,NA,3
2001-12-29,2001-12-18,2001-12-18,2001-12-18,IMS,1068,54,19,5,11,4,5,NA,NA,NA,NA,NA,NA,2
2002-01-25,2002-01-21,2002-01-22,2002-01-21,TNS-MRBI,1000,41,21,8,11,5,3,NA,NA,NA,NA,NA,NA,11
2002-03-02,2002-02-25,2002-02-26,2002-02-25,TNS-MRBI,1000,42,20,8,12,5,4,NA,NA,NA,NA,NA,NA,9
2002-03-10,2002-03-07,2002-03-07,2002-03-07,IMS,1093,51,21,5,10,4,5,NA,NA,NA,NA,NA,NA,4
2002-03-30,2002-03-27,2002-03-27,2002-03-27,IMS,1075,35,23,8,13,5,4,NA,NA,NA,NA,NA,NA,12
2002-05-03,2002-04-29,2002-04-30,2002-04-29,TNS-MRBI,1000,45,23,6,12,3,2,NA,NA,NA,NA,NA,NA,9
2002-05-04,2002-05-02,2002-05-02,2002-05-02,IMS,1099,48,21,4,11,4,3,NA,NA,NA,NA,NA,NA,9
2002-05-09,2002-05-03,2002-05-03,2002-05-03,IMS,1110,49,20,4,11,4,3,NA,NA,NA,NA,NA,NA,9
2002-05-09,2002-05-09,2002-05-09,2002-05-09,ICM,1500,43,22,5,10,5,5,NA,NA,NA,NA,NA,NA,10
2002-05-12,2002-05-09,2002-05-09,2002-05-09,IMS,1105,51,18,7,10,3,3,NA,NA,NA,NA,NA,NA,8
2002-05-15,2002-05-13,2002-05-13,2002-05-13,IMS,1105,50,18,6,12,5,2,NA,NA,NA,NA,NA,NA,7
2002-05-15,2002-05-13,2002-05-13,2002-05-13,TNS-MRBI,1000,45,21,7,12,3,2,NA,NA,NA,NA,NA,NA,10
2002-09-28,2002-09-23,2002-09-24,2002-09-23,TNS-MRBI,1000,34,23,9,14,8,5,NA,NA,NA,NA,NA,NA,7
2002-10-13,2002-10-10,2002-10-10,2002-10-10,Millward Brown,1101,39,17,9,10,6,3,NA,NA,NA,NA,NA,NA,16
2002-10-17,2002-10-14,2002-10-15,2002-10-14,TNS-MRBI,1000,36,19,9,14,8,5,NA,NA,NA,NA,NA,NA,9
2003-02-14,2003-02-10,2003-02-11,2003-02-10,TNS-MRBI,1000,32,22,9,16,6,6,NA,NA,NA,NA,NA,NA,9
2003-05-16,2003-05-12,2003-05-13,2003-05-12,TNS-MRBI,1000,32,20,9,22,4,4,NA,NA,NA,NA,NA,NA,9
2003-05-16,2003-05-12,2003-05-13,2003-05-12,TNS-MRBI,1000,32,20,9,22,4,4,NA,NA,NA,NA,NA,NA,9
2003-09-13,2003-09-09,2003-09-10,2003-09-09,Millward Brown,1090,34,21,10,15,5,4,NA,NA,NA,NA,NA,NA,11
2003-09-26,2003-09-22,2003-09-23,2003-09-22,TNS-MRBI,1000,30,22,10,19,4,5,NA,NA,NA,NA,NA,NA,10
2003-10-15,2003-10-01,2003-10-31,2003-10-16,Red C,1000,33,24,9,13,7,3,NA,NA,NA,NA,NA,NA,11
2003-10-21,2003-09-07,2003-09-20,2003-09-13,Millward Brown,1000,35,23,8,13,5,4,NA,NA,NA,NA,NA,NA,12
2004-02-06,2004-02-02,2004-02-03,2004-02-02,TNS-MRBI,1000,33,21,12,17,5,3,NA,NA,NA,NA,NA,NA,9
2004-03-21,2004-03-16,2004-03-16,2004-03-16,Millward Brown,1081,35,21,10,12,7,3,NA,NA,NA,NA,NA,NA,12
2004-05-22,2004-05-18,2004-05-19,2004-05-18,TNS-MRBI,2000,32,24,10,16,4,4,NA,NA,NA,NA,NA,NA,10
2004-06-05,2004-06-01,2004-06-02,2004-06-01,TNS-MRBI,2000,33,24,11,15,4,4,NA,NA,NA,NA,NA,NA,9
2004-10-08,2004-10-04,2004-10-05,2004-10-04,TNS-MRBI,1000,35,24,12,13,4,3,NA,NA,NA,NA,NA,NA,9
2004-11-22,2004-11-17,2004-11-18,2004-11-17,Millward Brown,1000,37,23,10,13,5,4,NA,NA,NA,NA,NA,NA,8
2005-01-21,2005-01-17,2005-01-18,2005-01-17,TNS-MRBI,1000,38,22,11,13,4,4,NA,NA,NA,NA,NA,NA,8
2005-02-26,2005-02-12,2005-02-25,2005-02-18,Millward Brown,1000,42,20,9,12,5,3,NA,NA,NA,NA,NA,NA,9
2005-03-04,2005-02-28,2005-03-01,2005-02-28,TNS-MRBI,1000,38,22,9,12,4,3,NA,NA,NA,NA,NA,NA,12
2005-03-15,2005-03-01,2005-03-31,2005-03-16,Red C,1000,37,22,9,13,7,3,NA,NA,NA,NA,NA,NA,9
2005-04-04,2005-03-31,2005-03-31,2005-03-31,Millward Brown,1108,41,19,8,11,5,4,NA,NA,NA,NA,NA,NA,12
2005-05-17,2005-05-01,2005-05-17,2005-05-09,Red C,1000,32,22,11,12,7,4,NA,NA,NA,NA,NA,NA,12
2005-06-11,2006-06-07,2005-06-08,2005-12-07,TNS-MRBI,1000,32,25,11,14,4,4,NA,NA,NA,NA,NA,NA,10
2005-09-15,2005-09-01,2005-09-30,2005-09-15,Red C,1000,32,25,10,13,6,4,NA,NA,NA,NA,NA,NA,10
2005-09-20,2005-09-13,2005-09-13,2005-09-13,Lansdowne/Irish Examiner,1032,38,23,10,12,6,5,NA,NA,NA,NA,NA,NA,6
2005-09-23,2005-09-19,2005-09-20,2005-09-19,TNS-MRBI,1000,34,25,10,14,5,4,NA,NA,NA,NA,NA,NA,8
2005-12-06,2005-11-26,2005-11-27,2005-11-26,Millward Brown,1000,37,24,9,12,5,4,NA,NA,NA,NA,NA,NA,9
2005-12-15,2005-12-01,2005-12-14,2005-12-07,Red C,1000,34,27,10,13,5,3,NA,NA,NA,NA,NA,NA,8
2006-01-20,2006-01-16,2006-01-17,2006-01-16,TNS-MRBI,1000,37,24,9,16,4,3,NA,NA,NA,NA,NA,NA,7
2006-01-25,2006-01-20,2006-01-25,2006-01-22,Red C,1005,37,23,9,13,7,3,NA,NA,NA,NA,NA,NA,8
2006-02-22,2006-02-20,2006-02-22,2006-02-21,Red C,1007,35,25,10,12,5,4,NA,NA,NA,NA,NA,NA,9
2006-03-22,2006-03-20,2006-03-22,2006-03-21,Red C,1002,33,25,11,11,7,4,NA,NA,NA,NA,NA,NA,9
2006-04-26,2006-04-24,2006-04-26,2006-04-25,Red C,1002,38,23,8,11,7,4,NA,NA,NA,NA,NA,NA,9
2006-05-19,2006-05-15,2006-05-16,2006-05-15,TNS-MRBI,1000,31,28,9,15,5,3,NA,NA,NA,NA,NA,NA,9
2006-05-24,2006-05-22,2006-05-24,2006-05-23,Red C,1000,35,26,8,14,6,3,NA,NA,NA,NA,NA,NA,8
2006-06-28,2006-06-26,2006-06-28,2006-06-27,Red C,1005,34,26,9,12,7,3,NA,NA,NA,NA,NA,NA,9
2006-07-26,2006-07-24,2006-07-26,2006-07-25,Red C,1008,35,27,10,12,7,2,NA,NA,NA,NA,NA,NA,7
2006-09-10,2006-09-01,2006-09-06,2006-09-03,Millward Brown,1000,37,26,8,12,5,4,NA,NA,NA,NA,NA,NA,8
2006-09-20,2006-09-18,2006-09-20,2006-09-19,Red C,1008,33,25,8,14,7,4,NA,NA,NA,NA,NA,NA,9
2006-10-15,2006-10-01,2006-10-14,2006-10-07,Millward Brown,1000,42,20,8,10,6,4,NA,NA,NA,NA,NA,NA,10
2006-10-13,2006-10-09,2006-10-10,2006-10-09,TNS-MRBI,1000,39,26,8,11,6,4,NA,NA,NA,NA,NA,NA,6
2006-10-25,2006-10-23,2006-10-25,2006-10-24,Red C,1069,39,23,10,10,8,3,NA,NA,NA,NA,NA,NA,7
2006-11-22,2006-11-20,2006-11-22,2006-11-21,Red C,1004,39,23,8,12,7,4,NA,NA,NA,NA,NA,NA,7
2006-11-30,2006-11-01,2006-11-30,2006-11-15,TNS-MRBI,1000,46,24,6,10,4,NA,NA,NA,NA,NA,NA,NA,10
2006-12-01,2006-11-27,2006-11-28,2006-11-27,TNS-MRBI,1000,40,27,7,11,4,3,NA,NA,NA,NA,NA,NA,8
2007-01-24,2007-01-22,2007-01-24,2007-01-23,Red C,1004,42,21,7,12,7,3,NA,NA,NA,NA,NA,NA,8
2007-01-15,2007-01-09,2007-01-10,2007-01-09,Millward Brown,1000,39,22,7,12,5,5,NA,NA,NA,NA,NA,NA,10
2007-01-30,2007-01-01,2007-01-30,2007-01-15,TNS-MRBI,1000,43,23,8,10,7,NA,NA,NA,NA,NA,NA,NA,9
2007-02-02,2007-01-29,2007-01-30,2007-01-29,TNS-MRBI,1000,37,26,9,11,8,1,NA,NA,NA,NA,NA,NA,8
2007-02-21,2007-02-19,2007-02-21,2007-02-20,Red C,1078,38,22,7,14,8,4,NA,NA,NA,NA,NA,NA,7
2007-03-21,2007-03-19,2007-03-21,2007-03-20,Red C,1026,36,23,10,12,8,3,NA,NA,NA,NA,NA,NA,8
2007-04-18,2007-04-16,2007-04-18,2007-04-17,Red C,1261,35,27,8,11,9,3,NA,NA,NA,NA,NA,NA,7
2007-04-23,2007-04-16,2007-04-17,2007-04-16,Millward Brown,1082,38,23,8,12,6,4,NA,NA,NA,NA,NA,NA,9
2007-04-27,2007-04-23,2007-04-24,2007-04-23,TNS-MRBI,1000,34,31,10,10,6,3,NA,NA,NA,NA,NA,NA,6
2007-05-07,2007-04-30,2007-05-02,2007-05-01,Red C,1262,35,29,7,12,6,3,NA,NA,NA,NA,NA,NA,8
2007-05-11,2007-05-08,2007-05-09,2007-05-08,TNS-MRBI,1000,36,28,10,13,5,2,NA,NA,NA,NA,NA,NA,6
2007-05-13,2007-05-07,2007-05-09,2007-05-08,Red C,1263,35,29,7,12,6,3,NA,NA,NA,NA,NA,NA,8
2007-05-15,2007-05-09,2007-05-10,2007-05-09,Millward Brown,1082,35,26,10,13,5,3,NA,NA,NA,NA,NA,NA,8
2007-05-20,2007-05-16,2007-05-18,2007-05-17,Red C,1201,36,27,10,11,8,2,NA,NA,NA,NA,NA,NA,6
2007-05-21,2007-05-14,2007-05-15,2007-05-14,Millward Brown,1107,37,25,9,12,5,3,NA,NA,NA,NA,NA,NA,9
2007-05-21,2007-05-18,2007-05-19,2007-05-18,TNS-MRBI,1000,41,27,9,10,6,2,NA,NA,NA,NA,NA,NA,5
2007-05-23,2007-05-21,2007-05-22,2007-05-21,Red C,1000,38,26,9,11,6,3,NA,NA,NA,NA,NA,NA,7
2007-09-23,2007-09-17,2007-09-19,2007-09-18,Red C,1000,39,27,8,10,7,2,NA,NA,NA,NA,NA,NA,7
2007-10-28,2007-10-22,2007-10-24,2007-10-23,Red C,1000,39,27,8,10,7,2,NA,NA,NA,NA,NA,NA,7
2007-11-02,2007-10-29,2007-10-30,2007-10-29,TNS-MRBI,1000,33,31,7,15,5,2,NA,NA,NA,NA,NA,NA,7
2007-11-25,2007-10-19,2007-10-21,2007-10-20,Red C,1000,32,31,7,13,9,2,NA,NA,NA,NA,NA,NA,6
2008-01-25,2008-01-21,2008-01-22,2008-01-21,TNS-MRBI,1000,34,31,8,12,6,3,NA,NA,NA,NA,NA,NA,6
2008-01-27,2008-01-21,2008-01-23,2008-01-22,Red C,1002,36,32,9,10,7,2,NA,NA,NA,NA,NA,NA,4
2008-03-02,2008-02-25,2008-02-27,2008-02-26,Red C,1012,37,31,8,10,7,2,NA,NA,NA,NA,NA,NA,5
2008-03-30,2008-03-20,2008-03-26,2008-03-23,Red C,1000,35,30,9,11,8,1,NA,NA,NA,NA,NA,NA,6
2008-04-27,2008-04-21,2008-04-23,2008-04-22,Red C,1010,38,29,7,10,8,2,NA,NA,NA,NA,NA,NA,6
2008-05-16,2008-05-12,2008-05-13,2008-05-12,TNS-MRBI,1000,42,26,6,15,4,1,NA,NA,NA,NA,NA,NA,6
2008-05-25,2008-05-19,2008-05-21,2008-05-20,Red C,1005,40,28,9,10,5,2,NA,NA,NA,NA,NA,NA,6
2008-06-07,2008-06-03,2008-06-04,2008-06-03,TNS-MRBI,1000,42,23,8,15,5,1,NA,NA,NA,NA,NA,NA,6
2008-06-22,2008-06-16,2008-06-18,2008-06-17,Red C,1002,40,25,10,10,6,6,NA,NA,NA,NA,NA,NA,3
2008-09-21,2008-09-15,2008-09-17,2008-09-16,Red C,1004,36,28,9,9,7,3,NA,NA,NA,NA,NA,NA,8
2008-10-26,2008-10-20,2008-10-22,2008-10-21,Red C,1002,26,33,10,15,6,2,NA,NA,NA,NA,NA,NA,8
2008-11-14,2008-11-10,2008-11-11,2008-11-10,TNS-MRBI,1000,27,34,8,14,4,NA,NA,NA,NA,NA,NA,NA,13
2008-11-23,2008-11-17,2008-11-19,2008-11-18,Red C,1002,30,35,8,14,5,NA,NA,NA,NA,NA,NA,NA,8
2009-02-01,2009-01-26,2009-01-28,2009-01-27,Red C,1001,28,33,9,14,8,NA,NA,NA,NA,NA,NA,NA,8
2009-02-13,2009-02-09,2009-02-10,2009-02-09,TNS-MRBI,1000,22,32,9,24,4,NA,NA,NA,NA,NA,NA,NA,9
2009-02-27,2009-02-23,2009-02-24,2009-02-23,Millward Brown,1108,25,30,7,22,5,NA,NA,NA,NA,NA,NA,NA,11
2009-03-01,2009-05-23,2009-05-25,2009-05-24,Red C,1002,23,30,11,22,6,NA,NA,NA,NA,NA,NA,NA,8
2009-03-29,2009-03-23,2009-03-25,2009-03-24,Red C,1000,28,31,7,17,7,NA,NA,NA,NA,NA,NA,NA,10
2009-04-26,2009-04-20,2009-04-22,2009-04-21,Red C,1007,23,33,8,19,7,NA,NA,NA,NA,NA,NA,NA,10
2009-05-15,2009-05-12,2009-05-13,2009-05-12,TNS-MRBI,2000,21,38,9,20,3,NA,NA,NA,NA,NA,NA,NA,9
2009-05-17,2009-05-11,2009-05-13,2009-05-12,Red C,1001,24,34,7,18,5,NA,NA,NA,NA,NA,NA,NA,12
2009-05-29,2009-05-26,2009-05-29,2009-05-27,TNS-MRBI,2000,20,36,8,23,3,NA,NA,NA,NA,NA,NA,NA,10
2009-05-31,2009-05-25,2009-05-27,2009-05-26,Red C,1000,21,34,10,18,4,NA,NA,NA,NA,NA,NA,NA,13
2009-09-03,2009-08-31,2009-09-01,2009-08-31,TNS-MRBI,1000,17,34,10,24,3,0,NA,NA,NA,NA,NA,NA,12
2009-09-13,2009-09-07,2009-09-09,2009-09-08,Red C,1005,24,33,8,19,5,NA,NA,NA,NA,NA,NA,NA,11
2009-09-26,2009-09-22,2009-09-23,2009-09-22,TNS-MRBI,1000,20,31,9,25,4,NA,NA,NA,NA,NA,NA,NA,11
2009-09-27,2009-09-21,2009-09-23,2009-09-22,Red C,1008,24,35,8,18,4,NA,NA,NA,NA,NA,NA,NA,11
2009-10-25,2009-10-19,2009-10-21,2009-10-20,Red C,1000,25,35,9,19,3,NA,NA,NA,NA,NA,NA,NA,9
2009-11-22,2009-11-16,2009-11-18,2009-11-17,Red C,1001,23,36,10,17,5,NA,NA,NA,NA,NA,NA,NA,9
2010-01-22,2010-01-18,2010-01-19,2010-01-18,TNS-MRBI,1000,22,32,8,24,3,NA,NA,NA,NA,NA,NA,NA,11
2010-01-31,2010-01-25,2010-01-27,2010-01-26,Red C,1005,27,34,8,17,5,NA,NA,NA,NA,NA,NA,NA,9
2010-02-13,2010-02-10,2010-02-11,2010-02-10,Millward Brown,1056,27,34,8,19,2,NA,NA,NA,NA,NA,NA,NA,10
2010-02-28,2010-02-22,2010-02-24,2010-02-23,Red C,1007,27,34,9,17,5,NA,NA,NA,NA,NA,NA,NA,8
2010-03-28,2010-03-22,2010-03-24,2010-03-23,Red C,1000,24,35,10,17,5,NA,NA,NA,NA,NA,NA,NA,9
2010-05-02,2010-04-26,2010-04-28,2010-04-27,Red C,1003,23,33,6,24,6,NA,NA,NA,NA,NA,NA,NA,8
2010-05-30,2010-05-24,2010-05-26,2010-05-25,Red C,1001,24,30,10,22,5,NA,NA,NA,NA,NA,NA,NA,9
2010-06-11,2010-06-08,2010-06-09,2010-06-08,TNS-MRBI,1000,17,28,9,32,3,NA,NA,NA,NA,NA,NA,NA,11
2010-06-27,2010-06-21,2010-06-23,2010-06-22,Red C,1003,24,33,8,27,2,NA,NA,NA,NA,NA,NA,NA,6
2010-06-27,2010-06-21,2010-06-23,2010-06-22,Red C,1003,24,33,8,27,2,NA,NA,NA,NA,NA,NA,NA,6
2010-09-23,2010-09-08,2010-09-22,2010-09-15,Millward Brown,1000,22,30,4,35,2,NA,NA,NA,NA,NA,NA,NA,7
2010-09-30,2010-09-27,2010-09-28,2010-09-27,TNS-MRBI,1000,24,24,8,33,2,NA,NA,NA,NA,NA,NA,NA,9
2010-10-24,2010-10-18,2010-10-20,2010-10-19,Red C,1002,18,32,9,27,4,NA,NA,NA,NA,NA,NA,NA,10
2010-11-21,2010-11-15,2010-11-17,2010-11-16,Red C,1000,17,33,11,27,3,NA,NA,NA,NA,NA,NA,NA,9
2010-12-03,2010-11-29,2010-12-01,2010-11-30,Red C,1000,13,32,16,24,3,NA,NA,NA,NA,NA,NA,NA,12
2010-12-16,2010-12-13,2010-12-14,2010-12-13,TNS-MRBI,1000,17,30,15,25,2,NA,NA,NA,NA,NA,NA,NA,11
2010-12-19,2010-12-13,2010-12-15,2010-12-14,Red C,1000,17,34,14,23,2,NA,NA,NA,NA,NA,NA,NA,10
2011-01-07,2011-01-04,2011-01-06,2011-01-05,Red C,1000,14,35,14,21,4,NA,NA,NA,NA,NA,NA,NA,12
2011-01-30,2011-01-26,2011-01-27,2011-01-26,Red C,1004,16,33,13,21,2,NA,NA,NA,NA,NA,NA,NA,15
2011-01-30,2011-01-26,2011-01-27,2011-01-26,Millward Brown,1022,16,33,10,24,2,NA,NA,NA,NA,NA,NA,NA,15
2011-02-01,2011-01-29,2011-01-31,2011-01-30,Millward Brown,1049,16,34,13,24,1,NA,NA,NA,NA,NA,NA,NA,12
2011-02-02,2011-01-29,2011-02-01,2011-01-30,Red C,1000,18,37,12,19,3,NA,NA,NA,NA,NA,NA,NA,11
2011-02-03,2011-01-31,2011-02-01,2011-01-31,TNS-MRBI,1000,15,33,12,24,1,NA,NA,NA,NA,NA,NA,NA,15
2011-02-06,2011-02-01,2011-02-02,2011-02-01,Red C,1013,17,35,13,22,2,NA,NA,NA,NA,NA,NA,NA,11
2011-02-13,2011-02-08,2011-02-10,2011-02-09,Red C,1025,15,38,10,20,3,NA,NA,NA,NA,NA,NA,NA,14
2011-02-16,2011-02-12,2011-02-14,2011-02-13,Millward Brown,1029,12,38,10,23,1,NA,NA,NA,NA,NA,NA,NA,16
2011-02-17,2011-02-12,2011-02-14,2011-02-13,OI Research,1006,17,39,10,18,2,0,NA,NA,NA,NA,NA,NA,14
2011-02-20,2011-02-15,2011-02-17,2011-02-16,Red C,1015,16,39,12,17,2,NA,NA,NA,NA,NA,NA,NA,14
2011-02-20,2011-02-16,2011-02-17,2011-02-16,Millward Brown,1015,16,37,12,20,1,NA,NA,NA,NA,NA,NA,NA,14
2011-02-21,2011-02-17,2011-02-18,2011-02-17,TNS-MRBI,1000,16,37,11,19,2,NA,NA,NA,NA,NA,NA,NA,15
2011-02-23,2011-02-19,2011-02-22,2011-02-20,Red C,1500,15,40,10,18,3,NA,NA,NA,NA,NA,NA,NA,14
2011-02-23,2011-02-19,2011-02-21,2011-02-20,Millward Brown,1034,13,34,10,18,1,NA,NA,NA,NA,NA,NA,NA,24
2011-04-10,2011-04-04,2011-04-06,2011-04-05,Red C,1001,16,39,11,18,2,NA,NA,NA,NA,NA,NA,NA,14
2011-05-29,2011-05-24,2011-05-26,2011-05-25,Red C,1000,16,41,11,19,3,NA,NA,NA,NA,NA,NA,NA,10
2011-06-22,2011-06-22,2011-06-23,2011-06-22,Millward Brown,1035,16,42,11,19,1,NA,NA,NA,NA,NA,NA,NA,11
2011-07-21,2011-07-15,2011-07-18,2011-07-16,Ipsos MRBI,1000,18,38,10,18,2,NA,NA,NA,NA,NA,NA,NA,14
2011-08-24,2011-08-16,2011-08-24,2011-08-20,Behaviour & Attitudes,1001,15,44,13,12,2,NA,NA,NA,NA,NA,NA,NA,14
2011-09-17,2011-08-30,2011-07-14,2011-08-06,Millward Brown,976,10,40,11,20,2,NA,NA,NA,NA,NA,NA,NA,17
2011-09-25,2011-09-19,2011-09-21,2011-09-20,Red C,1010,15,33,15,16,2,NA,NA,NA,NA,NA,NA,NA,19
2011-10-02,2011-09-20,2011-10-02,2011-09-26,Behaviour & Attitudes,900,16,34,14,16,3,NA,NA,NA,NA,NA,NA,NA,17
2011-10-07,2011-10-03,2011-10-04,2011-10-03,Ipsos MRBI,1000,16,35,18,17,2,NA,NA,NA,NA,NA,NA,NA,12
2011-10-18,2011-10-16,2011-10-18,2011-10-17,Behaviour & Attitudes,1029,14,35,17,16,1,NA,NA,NA,NA,NA,NA,NA,17
2011-10-23,2011-10-18,2011-10-20,2011-10-19,Red C,1006,14,31,16,17,2,NA,NA,NA,NA,NA,NA,NA,20
2011-10-25,2011-10-21,2011-10-24,2011-10-22,Ipsos MRBI,1000,15,36,15,19,1,NA,NA,NA,NA,NA,NA,NA,14
2011-12-04,2011-11-28,2011-11-30,2011-11-29,Red C,1005,18,32,15,15,1,NA,NA,NA,NA,NA,NA,NA,19
2011-12-12,2011-12-07,2011-12-12,2011-12-09,Behaviour & Attitudes,921,18,29,19,12,3,NA,NA,NA,NA,NA,NA,NA,19
2012-01-12,2012-01-09,2012-01-11,2012-01-10,Red C,1009,17,33,14,16,3,NA,NA,NA,NA,NA,NA,NA,17
2012-01-29,2012-01-23,2012-01-25,2012-01-24,Red C,1008,18,30,17,14,3,NA,NA,NA,NA,NA,NA,NA,18
2012-02-26,2012-02-15,2012-02-20,2012-02-17,Behaviour & Attitudes,914,16,32,25,10,2,NA,NA,NA,NA,NA,NA,NA,15
2012-03-04,2012-02-27,2012-02-29,2012-02-28,Red C,1007,17,30,18,16,2,NA,NA,NA,NA,NA,NA,NA,17
2012-03-25,2012-03-19,2012-03-21,2012-03-20,Red C,1012,16,34,18,15,2,NA,NA,NA,NA,NA,NA,NA,15
2012-03-30,2012-03-26,2012-03-28,2012-03-27,Red C,1009,15,35,14,16,NA,NA,NA,NA,NA,NA,NA,NA,20
2012-04-20,2012-04-16,2012-04-17,2012-04-16,Ipsos MRBI,1000,14,33,21,13,2,NA,NA,NA,NA,NA,NA,NA,17
2012-04-22,2012-04-11,2012-04-17,2012-04-14,Behaviour & Attitudes,946,15,33,16,14,5,NA,NA,NA,NA,NA,NA,NA,17
2012-04-29,2012-04-23,2012-04-23,2012-04-23,Red C,1017,17,32,19,14,2,NA,NA,NA,NA,NA,NA,NA,16
2012-05-13,2012-05-07,2012-05-09,2012-05-08,Red C,1025,19,29,21,13,2,NA,NA,NA,NA,NA,NA,NA,16
2012-05-18,2012-05-14,2012-05-16,2012-05-15,Red C,1005,18,32,20,13,2,NA,NA,NA,NA,NA,NA,NA,15
2012-05-18,2012-05-14,2012-05-15,2012-05-14,Millward Brown,1016,17,34,17,15,1,NA,NA,NA,NA,NA,NA,NA,16
2012-05-23,2012-05-18,2012-05-23,2012-05-20,Behaviour & Attitudes,973,16,33,17,14,2,NA,NA,NA,NA,NA,NA,NA,18
2012-05-25,2012-05-23,2012-05-25,2012-05-24,Ipsos MRBI,1000,17,32,24,10,2,NA,NA,NA,NA,NA,NA,NA,15
2012-05-26,2012-05-21,2012-05-23,2012-05-22,Red C,1003,18,30,19,15,2,NA,NA,NA,NA,NA,NA,NA,16
2012-05-27,2012-05-23,2012-05-24,2012-05-23,Millward Brown,1032,17,36,20,12,1,NA,NA,NA,NA,NA,NA,NA,14
2012-06-24,2012-06-18,2012-06-20,2012-06-19,Red C,1003,18,32,16,15,2,NA,NA,NA,NA,NA,NA,NA,17
2012-09-16,2012-09-04,2012-09-09,2012-09-06,Behaviour & Attitudes,923,16,31,18,14,2,NA,NA,NA,NA,NA,NA,NA,19
2012-09-23,2012-09-17,2012-09-19,2012-09-18,Red C,1003,18,32,18,14,2,NA,NA,NA,NA,NA,NA,NA,16
2012-10-18,2012-10-15,2012-10-16,2012-10-15,Ipsos MRBI,1000,21,31,20,12,2,NA,NA,NA,NA,NA,NA,NA,14
2012-10-28,2012-10-17,2012-10-19,2012-10-18,Red C,1003,19,34,17,13,2,NA,NA,NA,NA,NA,NA,NA,15
2012-11-18,2012-11-01,2012-11-13,2012-11-07,Behaviour & Attitudes,951,22,30,14,12,3,NA,NA,NA,NA,NA,NA,NA,19
2012-12-02,2012-11-26,2012-11-28,2012-11-27,Red C,1003,20,28,17,14,3,NA,NA,NA,NA,NA,NA,NA,18
2013-01-10,2013-01-07,2013-01-09,2013-01-08,Red C,1002,21,29,16,13,3,NA,NA,NA,NA,NA,NA,NA,18
2013-01-27,2013-01-15,2013-01-21,2013-01-18,Behaviour & Attitudes,916,24,26,19,11,3,NA,NA,NA,NA,NA,NA,NA,17
2013-01-27,2013-01-21,2013-01-23,2013-01-22,Red C,1004,21,28,19,11,2,NA,NA,NA,NA,NA,NA,NA,19
2013-02-08,2013-02-04,2013-02-05,2013-02-04,Ipsos MRBI,1000,26,25,18,10,1,NA,NA,NA,NA,NA,NA,NA,20
2013-02-17,2013-02-06,2013-02-13,2013-02-09,Millward Brown,1001,27,25,20,13,1,NA,NA,NA,NA,NA,NA,NA,14
2013-02-24,2013-02-18,2013-02-20,2013-02-19,Red C,1004,26,28,16,12,2,NA,NA,NA,NA,NA,NA,NA,16
2013-03-03,2013-02-16,2013-02-28,2013-02-22,Millward Brown,983,23,24,21,11,2,NA,NA,NA,NA,NA,NA,NA,19
2013-03-17,2013-03-04,2013-03-14,2013-03-09,Millward Brown,985,29,25,20,9,1,NA,NA,NA,NA,NA,NA,NA,16
2013-03-24,2013-03-18,2013-03-20,2013-03-19,Red C,1004,24,28,14,13,1,NA,NA,NA,NA,NA,NA,NA,20
2013-03-31,2013-03-11,2013-03-26,2013-03-18,Behaviour & Attitudes,955,23,27,15,7,2,NA,NA,NA,NA,NA,NA,NA,26
2013-04-14,2013-03-30,2013-04-10,2013-04-04,Millward Brown,1032,27,24,16,12,2,NA,NA,NA,NA,NA,NA,NA,19
2013-04-28,2013-04-22,2013-04-24,2013-04-23,Red C,1003,25,28,16,11,2,NA,NA,NA,NA,NA,NA,NA,18
2013-05-19,2013-05-05,2013-05-16,2013-05-10,Millward Brown,979,26,23,19,12,1,NA,NA,NA,NA,NA,NA,NA,19
2013-05-26,2013-05-20,2013-05-22,2013-05-21,Red C,1003,26,26,16,11,2,NA,NA,NA,NA,NA,NA,NA,19
2013-06-02,2013-05-17,2013-05-28,2013-05-22,Millward Brown,979,27,27,17,11,1,NA,NA,NA,NA,NA,NA,NA,17
2013-06-13,2013-06-10,2013-06-11,2013-06-10,Ipsos MRBI,1000,26,24,21,9,2,NA,NA,NA,NA,NA,NA,NA,18
2013-06-13,2013-06-10,2013-06-12,2013-06-11,Red C,1002,24,30,16,10,2,NA,NA,NA,NA,NA,NA,NA,18
2013-06-30,2013-06-11,2013-06-24,2013-06-17,Behaviour & Attitudes,898,24,27,16,7,3,NA,NA,NA,NA,NA,NA,NA,23
2013-06-30,2013-06-24,2013-06-26,2013-06-25,Red C,1003,22,28,17,12,2,NA,NA,NA,NA,NA,NA,NA,19
2013-07-07,2013-06-20,2013-06-28,2013-06-24,Millward Brown,950,29,26,19,8,1,NA,NA,NA,NA,NA,NA,NA,17
2013-08-08,2013-08-05,2013-08-07,2013-08-06,Red C,1002,22,29,15,11,2,NA,NA,NA,NA,NA,NA,NA,21
2013-08-18,2013-08-03,2013-08-12,2013-08-07,Millward Brown,985,28,29,19,8,1,NA,NA,NA,NA,NA,NA,NA,15
2013-08-31,2013-08-17,2013-08-27,2013-08-22,Millward Brown,993,25,27,21,8,2,NA,NA,NA,NA,NA,NA,NA,17
2013-09-14,2013-09-09,2013-09-11,2013-09-10,Red C,1003,23,27,17,10,4,NA,NA,NA,NA,NA,NA,NA,19
2013-09-21,2013-09-10,2013-09-17,2013-09-13,Behaviour & Attitudes,934,21,25,18,11,3,NA,NA,NA,NA,NA,NA,NA,22
2013-09-28,2013-09-13,2013-09-25,2013-09-19,Millward Brown,998,27,28,19,10,1,NA,NA,NA,NA,NA,NA,NA,15
2013-10-01,2013-09-27,2013-09-28,2013-09-27,Ipsos MRBI,1000,22,26,23,6,2,NA,NA,NA,NA,NA,NA,NA,21
2013-10-13,2013-09-30,2013-10-09,2013-10-04,Millward Brown,976,27,27,19,9,1,NA,NA,NA,NA,NA,NA,NA,17
2013-10-27,2013-10-21,2013-10-23,2013-10-22,Red C,1001,23,29,17,9,2,NA,NA,NA,NA,NA,NA,NA,20
2013-11-07,2013-11-04,2013-11-06,2013-11-05,Red C,1004,24,25,16,9,2,NA,NA,NA,NA,NA,NA,NA,24
2013-11-17,2013-11-15,2013-11-17,2013-11-16,Millward Brown,950,24,27,21,9,1,NA,NA,NA,NA,NA,NA,NA,18
2013-11-24,2013-11-18,2013-11-20,2013-11-19,Red C,1001,22,29,15,12,2,NA,NA,NA,NA,NA,NA,NA,20
2013-12-12,2013-12-09,2013-12-10,2013-12-09,Ipsos MRBI,1000,22,30,21,9,1,NA,NA,NA,NA,NA,NA,NA,17
2013-12-15,2013-12-03,2013-12-15,2013-12-09,Behaviour & Attitudes,934,21,30,15,11,3,NA,NA,NA,NA,NA,NA,NA,20
2014-01-09,2014-01-06,2014-01-08,2014-01-07,Red C,1004,22,28,18,10,2,NA,NA,NA,NA,NA,NA,NA,20
2014-01-24,2014-01-15,2014-01-24,2014-01-19,Millward Brown,961,26,30,16,12,1,NA,NA,NA,NA,NA,NA,NA,15
2014-01-26,2014-01-20,2014-01-22,2014-01-21,Red C,1009,23,27,16,9,1,NA,NA,NA,NA,NA,NA,NA,24
2014-02-22,2014-02-17,2014-02-19,2014-02-18,Red C,1007,22,29,16,11,2,NA,NA,NA,NA,NA,NA,NA,20
2014-02-22,2014-02-11,2014-02-19,2014-02-15,Behaviour & Attitudes,968,19,30,18,9,3,NA,NA,NA,NA,NA,NA,NA,21
2014-03-02,2014-02-19,2014-02-28,2014-02-23,Millward Brown,976,21,27,22,8,2,NA,NA,NA,NA,NA,NA,NA,20
2014-03-30,2014-03-24,2014-03-26,2014-03-25,Red C,1004,22,26,21,9,3,NA,NA,NA,NA,NA,NA,NA,19
2014-04-03,2014-04-01,2014-04-02,2014-04-01,Ipsos MRBI,1000,25,25,21,8,1,NA,NA,NA,NA,NA,NA,NA,20
2014-04-19,2014-04-05,2014-04-15,2014-04-10,Millward Brown,970,22,29,20,6,2,NA,NA,NA,NA,NA,NA,NA,21
2014-04-19,2014-04-06,2014-04-16,2014-04-11,Behaviour & Attitudes,931,20,21,20,9,4,NA,NA,NA,NA,NA,NA,NA,26
2014-04-28,2014-04-22,2014-04-23,2014-04-22,Millward Brown,1523,23,25,21,6,2,NA,NA,NA,NA,NA,NA,NA,23
2014-05-01,2014-04-28,2014-05-01,2014-04-29,Red C,1500,21,25,18,11,3,NA,NA,NA,NA,NA,NA,NA,22
2014-05-16,2014-05-12,2014-05-14,2014-05-13,Red C,1010,20,25,20,8,2,NA,NA,NA,NA,NA,NA,NA,25
2014-05-19,2014-05-13,2014-05-14,2014-05-13,Millward Brown,1521,21,20,23,6,2,NA,NA,NA,NA,NA,NA,NA,28
2014-05-20,2014-05-03,2014-05-15,2014-05-09,Behaviour & Attitudes,1545,19,26,21,7,2,NA,NA,NA,NA,NA,NA,NA,25
2014-06-07,2014-06-03,2014-06-04,2014-06-03,Millward Brown,1019,20,20,26,5,2,NA,NA,NA,NA,NA,NA,NA,27
2014-06-12,2014-06-09,2014-06-12,2014-06-10,Red C,1006,18,22,22,4,2,NA,NA,NA,NA,NA,NA,NA,32
2014-06-28,2014-06-23,2014-06-25,2014-06-24,Red C,1000,18,25,22,7,3,NA,NA,NA,NA,NA,NA,NA,25
2014-08-03,2014-07-18,2014-07-30,2014-07-24,Millward Brown,967,20,25,24,7,1,NA,NA,NA,NA,NA,NA,NA,23
2014-08-16,2014-08-04,2014-08-13,2014-08-08,Behaviour & Attitudes,954,18,24,19,14,2,NA,NA,NA,NA,NA,NA,NA,23
2014-09-14,2014-09-08,2014-09-10,2014-09-09,Red C,1001,18,28,23,8,2,NA,NA,NA,NA,NA,NA,NA,21
2014-09-21,2014-09-09,2014-09-18,2014-09-13,Millward Brown,970,21,25,22,9,1,NA,NA,NA,NA,NA,NA,NA,22
2014-10-09,2014-10-06,2014-10-07,2014-10-06,Ipsos MRBI,1200,20.24,24.13,24.03,8.87,1.62,NA,NA,NA,NA,NA,NA,NA,21.1
2014-10-25,2014-10-14,2014-10-22,2014-10-18,Behaviour & Attitudes,920,18,25,19,9,3,NA,NA,NA,NA,NA,NA,NA,26
2014-10-25,2014-10-20,2014-10-22,2014-10-21,Red C,1008,18,26,20,8,2,NA,NA,NA,NA,NA,NA,NA,26
2014-11-02,2014-10-21,2014-10-31,2014-10-26,Millward Brown,991,20,22,26,7,1,NA,NA,NA,NA,NA,NA,NA,24
2014-11-23,2014-11-17,2014-11-19,2014-11-18,Red C,1000,18,22,22,8,3,NA,NA,NA,NA,NA,NA,NA,27
2014-12-04,2014-12-01,2014-12-02,2014-12-01,Ipsos MRBI,1200,21.07,19.36,22.14,5.99,2.89,NA,NA,NA,NA,NA,NA,NA,28.56
2014-12-21,2014-12-08,2014-12-18,2014-12-13,Millward Brown,1021,18,22,21,5,2,NA,NA,NA,NA,NA,NA,NA,32
2014-12-21,2014-12-15,2014-12-17,2014-12-16,Red C,1004,19,21,24,6,2,NA,NA,NA,NA,NA,NA,NA,28
2014-12-21,2014-12-09,2014-12-17,2014-12-13,Behaviour & Attitudes,960,18,24,22,5,1,NA,NA,NA,NA,NA,NA,NA,30
2015-01-14,2015-01-12,2015-01-13,2015-01-12,Red C,1002,18,24,21,8,1,NA,NA,NA,NA,NA,NA,NA,28
2015-01-25,2015-01-19,2015-01-21,2015-01-20,Red C,1005,19,24,20,9,2,NA,NA,NA,NA,NA,NA,NA,26
2015-02-15,2015-01-29,2015-02-09,2015-02-03,Millward Brown,1019,19,25,26,6,1,NA,NA,NA,NA,NA,NA,NA,23
2015-02-22,2015-02-16,2015-02-18,2015-02-17,Red C,1004,18,24,21,7,3,NA,NA,NA,NA,NA,NA,NA,27
2015-03-14,2015-03-02,2015-03-11,2015-03-06,Behaviour & Attitudes,959,18,27,19,9,3,NA,NA,NA,NA,NA,NA,NA,24
2015-03-14,2015-03-09,2015-03-11,2015-03-10,Red C,1004,17,26,21,9,2,NA,NA,NA,NA,NA,NA,NA,25
2015-03-26,2015-03-23,2015-03-24,2015-03-23,Ipsos MRBI,1200,16.72,24.04,24.04,6.99,2.73,NA,NA,NA,NA,NA,NA,NA,25.46
2015-03-30,2015-03-23,2015-03-25,2015-03-24,Red C,1003,18,27,17,10,2,NA,NA,NA,NA,NA,NA,NA,26
2015-04-05,2015-03-24,2015-04-02,2015-03-28,Millward Brown,971,19,25,24,8,3,NA,NA,NA,NA,NA,NA,NA,21
2015-04-25,2015-04-20,2015-04-22,2015-04-21,Red C,1000,19,25,22,8,1,NA,NA,NA,NA,NA,NA,NA,25
2015-05-17,2015-05-01,2015-05-11,2015-05-06,Behaviour & Attitudes,927,17,27,20,8,3,NA,NA,NA,NA,NA,NA,NA,25
2015-05-17,2015-05-13,2015-05-14,2015-05-13,Ipsos MRBI,1200,19.54,27.94,21.43,7.46,2.84,NA,NA,NA,NA,NA,NA,NA,20.8
2015-05-31,2015-05-25,2015-05-27,2015-05-26,Red C,1006,19,28,21,10,3,NA,NA,NA,NA,NA,NA,NA,19
2015-06-15,2015-06-05,2015-06-15,2015-06-10,Behaviour & Attitudes,912,21,24,19,9,2,NA,NA,NA,NA,NA,NA,NA,25
2015-06-28,2015-06-22,2015-06-24,2015-06-23,Red C,1007,20,28,18,7,2,NA,NA,NA,NA,NA,NA,NA,25
2015-06-28,2015-06-19,2015-06-26,2015-06-22,Millward Brown,976,23,29,21,6,1,NA,NA,NA,NA,NA,NA,NA,20
2015-07-18,2015-07-04,2015-07-14,2015-07-09,Behaviour & Attitudes,940,18,24,17,8,1,NA,NA,NA,NA,NA,NA,NA,32
2015-07-26,2015-07-20,2015-07-22,2015-07-21,Red C,1000,18,25,18,8,2,NA,NA,NA,NA,NA,NA,NA,29
2015-08-02,2015-07-19,2015-07-30,2015-07-24,Millward Brown,976,23,24,21,7,1,NA,NA,NA,NA,NA,NA,NA,24
2015-08-15,2015-08-02,2015-08-12,2015-08-07,Behaviour & Attitudes,898,20,27,19,6,2,NA,NA,NA,NA,NA,NA,NA,26
2015-09-12,2015-09-07,2015-09-09,2015-09-08,Red C,1005,18,28,16,10,2,NA,NA,NA,NA,NA,NA,NA,26
2015-09-23,2015-09-21,2015-09-22,2015-09-21,Ipsos MRBI,1200,20.32,27.57,19.24,8.43,1.19,NA,NA,NA,4,2.59,1.51,NA,15.14
2015-10-18,2015-10-05,2015-10-14,2015-10-09,Behaviour & Attitudes,912,19,24,19,8,1,NA,NA,NA,5,2,1,NA,21
2015-10-25,2015-10-19,2015-10-21,2015-10-20,Red C,1004,20,30,16,7,2,NA,NA,NA,1,2,1,NA,21
2015-11-08,2015-10-28,2015-11-06,2015-11-01,Millward Brown,999,24,29,21,7,1,NA,NA,NA,NA,1,NA,NA,17
2015-11-15,2015-10-30,2015-11-11,2015-11-05,Behaviour & Attitudes,927,20,26,21,7,1,NA,NA,NA,8,1,1,NA,15
2015-11-22,2015-11-16,2015-11-18,2015-11-17,Red C,1007,19,31,18,7,2,NA,NA,NA,4,1,3,NA,15
2015-11-26,2015-11-23,2015-11-24,2015-11-23,Ipsos MRBI,1200,19,30,21,7,2,NA,NA,NA,2,2,2,NA,15
2015-12-03,2015-11-30,2015-12-02,2015-12-01,Red C,1016,20,28,18,9,2,NA,NA,NA,4,1,3,NA,15
2015-12-12,2015-11-30,2015-12-09,2015-12-04,Behaviour & Attitudes,918,19,31,17,8,4,NA,NA,NA,4,1,1,NA,15
2015-12-19,2015-12-14,2015-12-16,2015-12-15,Red C,1007,17,32,19,9,2,NA,NA,NA,3,2,2,NA,14
2016-01-16,2016-01-11,2016-01-13,2016-01-12,Red C,1005,19,30,19,9,2,NA,NA,NA,3,2,1,NA,15
2016-01-16,2016-01-04,2016-01-13,2016-01-08,Behaviour & Attitudes,916,20,31,16,6,3,NA,NA,NA,2,2,1,NA,19
2016-01-30,2016-01-25,2016-01-27,2016-01-26,Red C,1005,17,29,19,10,3,NA,NA,NA,3,1,2,NA,16
2016-02-04,2016-02-01,2016-02-02,2016-02-01,Ipsos MRBI,1200,21,28,19,7,2,NA,NA,NA,4,1,2,NA,16
2016-02-06,2016-02-01,2016-02-03,2016-02-02,Red C,1005,17,31,17,10,2,NA,NA,NA,3,1,3,NA,16
2016-02-06,2016-02-01,2016-02-02,2016-02-01,Behaviour & Attitudes,1011,20,28,17,8,3,NA,NA,NA,3,2,4,NA,15
2016-02-06,2016-01-25,2016-02-04,2016-01-30,Millward Brown,984,22,27,21,6,1,NA,NA,NA,NA,NA,NA,NA,23
2016-02-10,2016-02-04,2016-02-08,2016-02-06,Red C,1002,18,30,17,8,2,NA,NA,NA,4,2,3,NA,16
2016-02-14,2016-02-08,2016-02-11,2016-02-09,Red C,1008,18,28,20,8,2,NA,NA,NA,3,1,4,NA,16
2016-02-16,2016-02-11,2016-02-15,2016-02-13,Red C,1006,19,26,17,9,4,NA,NA,NA,2,2,3,NA,18
2016-02-20,2016-02-15,2016-02-16,2016-02-15,Behaviour & Attitudes,1026,22,30,15,4,3,NA,NA,NA,5,3,3,NA,15
2016-02-20,2016-02-15,2016-02-18,2016-02-16,Red C,1010,18,30,16,8,4,NA,NA,NA,3,2,4,NA,15
2016-02-20,2016-02-17,2016-02-18,2016-02-17,Millward Brown,1000,23,27,19,6,2,NA,NA,NA,5,2,4,NA,12
2016-02-22,2016-02-19,2016-02-20,2016-02-19,Ipsos MRBI,1200,23,28,15,6,2,NA,NA,NA,3,2,3,NA,18
2016-02-23,2016-02-18,2016-02-22,2016-02-20,Red C,1000,20,30,15,7,3,NA,NA,NA,3,2,4,NA,16
2016-04-16,2016-04-03,2016-04-13,2016-04-08,Behaviour & Attitudes,926,26,23,17,4,3,NA,3,NA,4,1,2,NA,17
2016-05-11,2016-05-01,2016-05-11,2016-05-06,Behaviour & Attitudes,898,27,26,16,5,4,NA,1,NA,4,0,2,NA,15
2016-05-13,2016-05-09,2016-05-11,2016-05-10,Red C,1015,25,27,16,6,4,NA,1,NA,6,1,4,NA,10
2016-05-29,2016-05-23,2016-05-26,2016-05-24,Red C,1004,26,26,15,6,2,NA,0,NA,5,1,4,NA,15
2016-06-15,2016-06-03,2016-06-15,2016-06-09,Behaviour & Attitudes,913,25,26,17,5,3,NA,2,NA,4,1,1,NA,16
2016-07-03,2016-06-18,2016-06-30,2016-06-24,Millward Brown,1000,26,30,20,7,3,NA,NA,NA,4,NA,2,NA,8
2016-07-07,2016-07-04,2016-07-05,2016-07-04,Ipsos MRBI,1200,33,24,16,5,4,NA,NA,NA,2,NA,2,NA,14
2016-07-13,2016-07-01,2016-07-13,2016-07-07,Behaviour & Attitudes,909,30,25,14,6,2,NA,3,NA,5,0,2,NA,13
2016-07-17,2016-07-11,2016-07-13,2016-07-12,Red C,1004,29,26,12,6,4,NA,NA,NA,5,1,4,NA,13
2016-07-29,2016-07-25,2016-07-27,2016-07-26,Red C,1000,28,27,15,4,3,NA,NA,NA,4,1,3,NA,15
2016-09-14,2016-09-04,2016-09-14,2016-09-09,Behaviour & Attitudes,911,28,23,18,7,2,NA,1,NA,4,0,1,NA,16
2016-09-25,2016-09-19,2016-09-22,2016-09-20,Red C,1002,27,25,15,7,2,NA,NA,NA,6,1,4,NA,13
2016-10-06,2016-10-03,2016-10-04,2016-10-03,Ipsos MRBI,1200,26,26,19,5,3,NA,NA,NA,3,1,2,NA,15
2016-10-12,2016-10-01,2016-10-12,2016-10-06,Behaviour & Attitudes,917,30,26,17,5,2,NA,NA,NA,2,1,0,NA,17
2016-10-30,2016-10-24,2016-10-27,2016-10-25,Red C,1002,26,25,13,5,3,NA,NA,NA,9,0,3,NA,16
2016-11-09,2016-11-01,2016-11-09,2016-11-05,Behaviour & Attitudes,924,30,28,17,3,2,NA,NA,NA,3,0,0,NA,17
2016-11-25,2016-11-21,2016-11-25,2016-11-23,Red C,1000,24,25,16,5,3,NA,NA,NA,5,1,4,NA,17
2016-12-08,2016-12-05,2016-12-06,2016-12-05,Ipsos MRBI,1200,30,27,17,6,3,NA,NA,NA,3,0,2,NA,12
2016-12-13,2016-11-29,2016-12-13,2016-12-06,Behaviour & Attitudes,900,28,26,19,5,3,NA,NA,NA,4,0,1,NA,14
2017-01-16,2017-01-03,2017-01-16,2017-01-09,Behaviour & Attitudes,921,29,23,17,5,1,NA,NA,NA,5,0,1,NA,19
2017-01-30,2017-01-23,2017-01-27,2017-01-25,Red C,1004,27,24,14,5,4,NA,NA,NA,4,1,4,NA,17
2017-02-11,2017-01-31,2017-02-08,2017-02-04,Behaviour & Attitudes,955,32,21,19,6,2,NA,1,NA,3,0,2,NA,14
2017-02-16,2017-02-06,2017-02-16,2017-02-11,Millward Brown,960,33,25,20,6,2,NA,NA,NA,3,0,2,NA,9
2017-02-23,2017-02-20,2017-02-23,2017-02-21,Red C,1004,26,24,19,4,4,NA,NA,NA,6,1,3,NA,13
2017-03-02,2017-02-27,2017-02-28,2017-02-27,Ipsos MRBI,1200,29,28,21,4,3,NA,NA,NA,3,0,1,NA,11
2017-03-08,2017-02-28,2017-03-08,2017-03-04,Behaviour & Attitudes,934,28,22,23,6,2,NA,NA,NA,2,0,1,NA,16
2017-03-24,2017-03-20,2017-03-24,2017-03-22,Red C,1004,26,24,17,6,4,NA,NA,NA,4,0,3,NA,16
2017-04-11,2017-03-30,2017-04-11,2017-04-05,Behaviour & Attitudes,937,28,29,18,5,2,NA,NA,NA,2,0,2,NA,14
2017-04-28,2017-04-24,2017-04-28,2017-04-26,Red C,1004,28,24,18,6,3,NA,NA,NA,4,1,4,NA,12
2017-05-13,2017-04-27,2017-05-09,2017-05-03,Behaviour & Attitudes,921,27,28,18,4,2,NA,NA,NA,1,1,1,NA,18
2017-05-26,2017-05-23,2017-05-24,2017-05-23,Ipsos MRBI,1200,27,30,20,5,2,NA,NA,NA,3,NA,1,NA,12
2017-06-06,2017-05-25,2017-06-06,2017-05-31,Behaviour & Attitudes,938,29,29,18,5,3,NA,NA,NA,1,0,1,NA,14
2017-07-05,2017-07-03,2017-07-05,2017-07-04,Red C,1004,24,27,18,6,4,NA,NA,NA,4,3,2,NA,12
2017-07-11,2017-06-29,2017-07-11,2017-07-05,Behaviour & Attitudes,923,30,29,18,5,2,NA,NA,NA,2,0,1,NA,13
2017-07-23,2017-07-09,2017-07-21,2017-07-15,Millward Brown,956,29,30,20,7,2,NA,NA,NA,1,NA,0,NA,11
2017-09-17,2017-08-31,2017-09-12,2017-09-06,Behaviour & Attitudes,937,25,33,19,5,2,NA,NA,NA,1,0,1,NA,14
2017-09-26,2017-09-18,2017-09-22,2017-09-20,Red C,1004,26,30,16,5,2,NA,NA,NA,4,1,4,NA,12
2017-10-05,2017-10-02,2017-10-03,2017-10-02,Ipsos MRBI,1200,29,31,19,4,3,NA,NA,NA,2,0,2,NA,10
2017-10-15,2017-10-02,2017-10-10,2017-10-06,Behaviour & Attitudes,915,27,31,19,4,2,NA,NA,NA,1,0,1,NA,15
2017-10-23,2017-10-16,2017-10-20,2017-10-18,Red C,1004,25,29,14,6,4,NA,NA,NA,4,0,2,NA,16
2017-11-12,2017-10-26,2017-11-07,2017-11-01,Behaviour & Attitudes,919,31,34,14,3,2,NA,NA,NA,2,0,1,NA,13
2017-11-26,2017-11-20,2017-11-24,2017-11-22,Red C,1004,26,27,16,6,4,NA,NA,NA,3,1,3,NA,14
2017-12-07,2017-12-04,2017-12-05,2017-12-04,Ipsos MRBI,1200,25,36,19,4,3,NA,NA,NA,1,0,1,NA,11
2017-12-24,2017-12-11,2017-12-19,2017-12-15,Behaviour & Attitudes,913,26,34,17,5,2,NA,NA,NA,2,0,2,NA,12
2018-01-01,2017-12-14,2017-12-22,2017-12-18,Ireland Thinks,1144,26,33,16,6,2,NA,NA,NA,3,0,2,NA,12
2018-01-16,2018-01-04,2018-01-16,2018-01-10,Behaviour & Attitudes,920,26,32,18,6,2,NA,NA,NA,2,0,1,NA,13
2018-01-25,2018-01-22,2018-01-23,2018-01-22,Ipsos MRBI,1200,25,34,19,4,3,NA,NA,NA,2,0,1,NA,12
2018-01-27,2018-01-18,2018-01-25,2018-01-21,Red C,1003,26,32,15,6,4,NA,NA,NA,3,0,2,NA,12
2018-02-13,2018-02-01,2018-02-13,2018-02-07,Behaviour & Attitudes,926,25,36,16,5,1,NA,NA,NA,3,0,1,NA,13
2018-02-14,2018-02-06,2018-02-14,2018-02-10,Millward Brown,970,28,36,20,4,2,NA,NA,NA,1,0,1,NA,8
2018-02-22,2018-02-15,2018-02-22,2018-02-18,Red C,1000,29,32,14,6,2,NA,NA,NA,1,1,2,NA,13
2018-03-13,2018-03-06,2018-03-13,2018-03-09,Behaviour & Attitudes,900,27,32,19,6,2,NA,NA,NA,1,0,0,NA,13
2018-03-22,2018-03-15,2018-03-22,2018-03-18,Red C,1000,24,33,16,6,2,NA,NA,NA,2,2,2,NA,13
2018-04-17,2018-04-16,2018-04-17,2018-04-16,Ipsos MRBI,1200,26,31,22,5,3,NA,NA,NA,2,0,1,NA,10
2018-04-18,2018-04-04,2018-04-18,2018-04-11,Ireland Thinks,900,26,29,16,5,4,NA,NA,NA,4,0,3,NA,13
2018-04-19,2018-04-05,2018-04-17,2018-04-11,Behaviour & Attitudes,928,25,33,21,6,2,NA,NA,NA,1,1,1,NA,10
2018-04-25,2018-04-19,2018-04-25,2018-04-22,Red C,1000,25,32,14,6,2,NA,NA,NA,2,1,2,NA,16
2018-05-06,2018-04-18,2018-04-30,2018-04-24,Millward Brown,1003,27,34,22,5,3,NA,NA,NA,1,0,0,NA,8
2018-05-15,2018-05-03,2018-05-15,2018-05-09,Behaviour & Attitudes,935,23,30,24,4,2,NA,NA,NA,2,0,1,NA,14
2018-05-16,2018-05-10,2018-05-16,2018-05-13,Red C,1015,25,34,16,6,2,NA,NA,NA,3,0,1,NA,13
2018-06-12,2018-05-31,2018-06-12,2018-06-06,Behaviour & Attitudes,931,24,31,24,4,2,NA,NA,NA,2,0,1,NA,12
2018-07-17,2018-07-05,2018-07-17,2018-07-11,Behaviour & Attitudes,931,21,34,22,3,2,NA,NA,NA,1,0,1,NA,16
2018-08-24,2018-08-15,2018-08-24,2018-08-19,Ireland Thinks,942,24,29,19,6,2,NA,NA,NA,1,0,2,NA,17
2018-09-13,2018-09-06,2018-09-13,2018-09-09,Red C,1000,22,33,14,6,2,NA,NA,NA,2,1,2,NA,18
2018-09-18,2018-09-06,2018-09-18,2018-09-12,Behaviour & Attitudes,940,25,32,20,5,3,NA,NA,NA,3,0,0,NA,12
2018-10-10,2018-10-03,2018-10-10,2018-10-06,Red C,1000,27,32,14,5,3,NA,NA,NA,2,0,1,NA,16
2018-10-16,2018-10-05,2018-10-16,2018-10-10,Behaviour & Attitudes,940,27,31,19,6,2,NA,NA,NA,2,0,0,NA,13
2018-10-16,2018-10-10,2018-10-12,2018-10-11,Ipsos MRBI,1200,25,33,24,4,2,NA,NA,NA,3,0,1,NA,8
2018-10-17,2018-10-11,2018-10-17,2018-10-14,Red C,1000,25,33,15,5,4,NA,NA,NA,0,0,2,NA,16
2018-10-26,2018-10-26,2018-10-26,2018-10-26,Red C,3474,22,35,15,7,4,NA,NA,NA,2,0,3,NA,12
2018-11-13,2018-11-01,2018-11-13,2018-11-07,Behaviour & Attitudes,905,27,30,23,6,1,NA,NA,NA,2,0,1,NA,10
2018-11-22,2018-11-15,2018-11-22,2018-11-18,Red C,1000,27,34,13,6,3,NA,NA,NA,0,0,2,NA,15
2018-12-16,2018-12-01,2018-12-13,2018-12-07,Millward Brown,920,27,32,21,5,1,NA,NA,NA,1,0,2,NA,11
2018-12-18,2018-12-06,2018-12-18,2018-12-12,Behaviour & Attitudes,911,29,31,17,5,3,NA,NA,NA,2,0,2,NA,11
2018-12-21,2018-12-11,2018-12-21,2018-12-16,Ireland Thinks,1546,23,31,16,7,4,NA,NA,NA,4,0,3,NA,12
2019-01-15,2019-01-04,2019-01-15,2019-01-09,Behaviour & Attitudes,907,26,30,20,4,2,NA,NA,NA,2,0,1,NA,15
2019-01-24,2019-01-17,2019-01-24,2019-01-20,Red C,1000,22,32,13,6,3,NA,NA,NA,2,0,2,NA,20
2019-02-12,2019-01-31,2019-02-12,2019-02-06,Behaviour & Attitudes,910,26,30,18,5,2,NA,NA,NA,2,1,1,NA,15
2019-02-20,2019-02-14,2019-02-20,2019-02-17,Red C,1000,24,31,18,5,2,NA,NA,NA,1,0,2,NA,17
2019-03-07,2019-03-03,2019-03-05,2019-03-04,Ipsos MRBI,1200,24,30,21,6,2,NA,NA,NA,2,0,1,NA,14
2019-03-12,2019-02-28,2019-03-12,2019-03-06,Behaviour & Attitudes,930,25,31,19,5,3,NA,NA,NA,1,0,0,NA,16
2019-03-28,2019-03-21,2019-03-28,2019-03-24,Red C,1000,25,31,13,5,3,NA,NA,NA,2,0,3,NA,18
2019-04-16,2019-04-04,2019-04-16,2019-04-10,Behaviour & Attitudes,933,29,28,21,4,1,NA,NA,NA,1,0,1,NA,15
2019-04-17,2019-04-11,2019-04-17,2019-04-14,Red C,1000,23,33,14,5,3,NA,NA,NA,1,0,2,NA,19
2019-05-09,2019-05-07,2019-05-09,2019-05-08,Ipsos MRBI,1500,26,29,16,7,4,NA,NA,NA,2,0,2,NA,14
2019-05-14,2019-05-02,2019-05-14,2019-05-08,Behaviour & Attitudes,933,28,28,19,4,5,NA,NA,NA,3,0,1,NA,12
2019-05-16,2019-05-09,2019-05-16,2019-05-12,Red C,2000,24,28,13,5,7,NA,NA,NA,2,1,2,NA,18
2019-05-24,2019-05-24,2019-05-24,2019-05-24,Red C,2671,23,26,15,5,12,NA,NA,NA,2,1,3,NA,13
2019-06-11,2019-05-31,2019-06-11,2019-06-05,Behaviour & Attitudes,900,28,23,12,5,11,NA,NA,NA,2,1,1,NA,17
2019-07-16,2019-07-04,2019-07-16,2019-07-10,Behaviour & Attitudes,902,30,26,14,5,7,NA,NA,NA,2,1,1,NA,14
2019-09-12,2019-09-05,2019-09-12,2019-09-08,Red C,1000,28,29,12,6,7,NA,NA,NA,1,0,1,NA,16
2019-09-17,2019-09-05,2019-09-17,2019-09-11,Behaviour & Attitudes,929,29,26,20,3,5,NA,NA,NA,1,1,1,NA,14
2019-10-13,2019-10-11,2019-10-13,2019-10-12,Ipsos MRBI,1200,25,29,14,6,8,NA,NA,NA,1,0,1,NA,16
2019-10-15,2019-10-03,2019-10-15,2019-10-09,Behaviour & Attitudes,931,28,29,16,5,6,NA,NA,NA,3,0,1,NA,12
2019-10-24,2019-10-17,2019-10-24,2019-10-20,Red C,1000,24,32,11,4,7,NA,NA,NA,1,0,2,NA,19
2019-11-12,2019-11-01,2019-11-12,2019-11-06,Behaviour & Attitudes,923,25,27,17,6,6,NA,NA,NA,2,0,2,NA,15
2019-11-21,2019-11-14,2019-11-21,2019-11-17,Red C,1000,24,30,11,6,7,NA,NA,NA,2,0,2,NA,18
2019-12-17,2019-12-05,2019-12-17,2019-12-11,Behaviour & Attitudes,934,27,27,20,6,6,NA,NA,NA,3,0,1,NA,10
2019-12-25,2019-12-01,2019-12-25,2019-12-13,Ireland Thinks,1585,25,28,15,5,7,NA,NA,NA,3,0,3,NA,14
2020-01-19,2020-01-02,2020-01-14,2020-01-08,Behaviour & Attitudes,923,32,20,19,4,7,NA,NA,NA,2,1,1,NA,14
2020-01-20,2020-01-16,2020-01-18,2020-01-17,Ipsos MRBI,1200,25,23,21,5,8,NA,NA,NA,2,0,2,NA,14
2020-01-26,2020-01-16,2020-01-22,2020-01-19,Red C,1000,26,23,19,4,8,NA,NA,NA,2,0,3,NA,15
2020-01-26,2020-01-16,2020-01-25,2020-01-20,Ireland Thinks,1031,27,22,20,6,10,NA,NA,NA,1,0,3,NA,11
2020-02-01,2020-01-24,2020-01-30,2020-01-27,Panelbase,1019,23,19,21,5,10,NA,NA,NA,5,0,5,NA,12
2020-02-02,2020-01-25,2020-01-30,2020-01-27,Red C,1000,24,21,24,5,7,NA,NA,NA,1,0,3,NA,15
2020-02-03,2020-01-30,2020-02-01,2020-01-31,Ipsos MRBI,1200,23,20,25,4,8,NA,NA,NA,2,NA,2,NA,16
2020-03-02,2020-02-17,2020-02-25,2020-02-21,Behaviour & Attitudes,917,20,18,35,3,6,NA,NA,NA,3,NA,2,1,12
2020-03-14,2020-02-27,2020-03-10,2020-03-04,Behaviour & Attitudes,912,19,21,35,3,6,NA,NA,NA,3,NA,1,0,12
2020-03-29,2020-03-20,2020-03-25,2020-03-22,Red C,1000,18,34,28,3,5,NA,NA,NA,2,NA,3,2,5
2020-05-03,2020-04-23,2020-04-29,2020-04-26,Red C,1000,14,35,27,3,6,NA,NA,NA,2,NA,3,1,9
2020-05-24,2020-05-19,2020-05-23,2020-05-21,Ireland Thinks,1012,16,36,27,4,6,NA,NA,NA,2,NA,3,NA,6
2020-05-31,2020-05-21,2020-05-27,2020-05-24,Red C,1000,15,35,27,3,5,NA,NA,NA,2,NA,4,1,8
2020-06-15,2020-06-11,2020-06-14,2020-06-12,Ipsos MRBI,1200,14,37,25,2,12,NA,NA,NA,1,NA,2,NA,7
2020-06-21,2020-06-19,2020-06-20,2020-06-19,Ireland Thinks,1000,13,34,27,4,8,NA,NA,NA,2,NA,3,NA,9
2020-07-19,2020-07-17,2020-07-18,2020-07-17,Ireland Thinks,1000,12,38,26,4,5,NA,NA,NA,3,NA,3,NA,9
2020-08-02,2020-07-17,2020-07-28,2020-07-22,Behaviour & Attitudes,921,20,29,30,3,6,NA,NA,NA,1,NA,1,0,10
2020-08-23,2020-08-21,2020-08-22,2020-08-21,Ireland Thinks,1000,11,35,30,5,3,NA,NA,NA,2,NA,5,2,7
2020-09-13,2020-09-03,2020-09-09,2020-09-06,Red C,1000,10,35,27,3,6,NA,NA,NA,2,NA,4,2,11
2020-09-20,2020-09-03,2020-09-15,2020-09-09,Behaviour & Attitudes,900,19,30,32,3,5,NA,NA,NA,1,NA,1,0,9
2020-09-27,2020-09-26,2020-09-26,2020-09-26,Ireland Thinks,1250,14,32,28,4,4,NA,NA,NA,3,NA,5,3,7
2020-10-07,2020-10-03,2020-10-06,2020-10-04,Ipsos MRBI,1200,17,35,29,4,4,NA,NA,NA,1,NA,2,NA,8
2020-10-18,2020-10-01,2020-10-13,2020-10-07,Behaviour & Attitudes,900,19,31,30,4,5,NA,NA,NA,2,NA,2,1,6
2020-10-18,2020-10-17,2020-10-17,2020-10-17,Ireland Thinks,1000,14,33,29,5,3,NA,NA,NA,3,NA,5,3,5
2020-10-25,2020-10-24,2020-10-24,2020-10-24,Red C,1000,11,37,27,3,6,NA,NA,NA,2,NA,3,2,9
2020-11-29,2020-11-19,2020-11-25,2020-11-22,Red C,1000,12,33,30,3,5,NA,NA,NA,3,NA,4,2,8
2020-11-29,2020-11-28,2020-11-28,2020-11-28,Ireland Thinks,1044,17,28,28,4,4,NA,NA,NA,2,NA,5,4,8
2020-12-20,2020-12-03,2020-12-15,2020-12-09,Behaviour & Attitudes,916,22,27,32,5,3,NA,NA,NA,2,NA,1,0,8
2021-01-17,2021-01-16,2021-01-16,2021-01-16,Ireland Thinks,1247,15,28,29,5,3,NA,NA,NA,3,NA,5,4,8
2021-01-31,2021-01-21,2021-01-28,2021-01-24,Red C,1000,16,29,27,3,5,NA,NA,NA,3,NA,5,2,10
2021-02-14,2021-02-13,2021-02-13,2021-02-13,Ireland Thinks,1068,14.7,25.6,28,4.9,4.5,NA,NA,NA,3.1,NA,5.7,4.1,9.4
2021-02-24,2021-02-22,2021-02-23,2021-02-22,Ipsos MRBI,1200,14,30,28,3,6,NA,NA,NA,1,NA,3,1,14
2021-02-28,2021-02-18,2021-02-25,2021-02-21,Red C,1000,13,29,29,4,3,NA,NA,NA,2,NA,6,2,12
2021-03-21,2021-03-20,2021-03-20,2021-03-20,Ireland Thinks,1026,14,27,31,5,2,NA,NA,NA,3,NA,7,2,9
2021-03-28,2021-03-19,2021-03-25,2021-03-22,Red C,1000,11,30,29,4,5,NA,NA,NA,2,NA,5,2,12
2021-04-18,2021-04-14,2021-04-15,2021-04-14,Ireland Thinks,1087,16,26,27,5,3,NA,NA,NA,3,NA,6,4,10
2021-04-25,2021-04-16,2021-04-23,2021-04-19,Red C,1000,13,30,27,5,4,NA,NA,NA,2,NA,5,2,12
2021-05-16,2021-05-15,2021-05-15,2021-05-15,Ireland Thinks,1237,15,25,30,4,3,NA,NA,NA,3,NA,7,4,9
2021-05-23,2021-05-04,2021-05-18,2021-05-11,Behaviour & Attitudes,914,22,28,30,4,5,NA,NA,NA,1,NA,2,0,8
2021-05-30,2021-05-21,2021-05-26,2021-05-23,Red C,1000,14,29,29,3,5,NA,NA,NA,2,NA,5,2,11
2021-06-13,2021-05-27,2021-06-08,2021-06-02,Behaviour & Attitudes,909,20,24,34,3,4,NA,NA,NA,1,NA,4,1,9
2021-06-16,2021-06-14,2021-06-15,2021-06-14,Ipsos MRBI,1200,20,27,31,3,6,NA,NA,NA,2,NA,2,1,8
2021-06-20,2021-06-19,2021-06-19,2021-06-19,Ireland Thinks,1274,15,24,32,4,3,NA,NA,NA,4,NA,5,4,9
2021-06-27,2021-06-18,2021-06-24,2021-06-21,Red C,1000,13,30,29,3,5,NA,NA,NA,2,NA,4,2,12
2021-07-18,2021-07-01,2021-07-13,2021-07-07,Behaviour & Attitudes,894,20,25,30,5,5,NA,NA,NA,3,NA,1,1,10
2021-07-18,2021-07-17,2021-07-17,2021-07-17,Ireland Thinks,1001,14,25,30,7,4,NA,NA,NA,4,NA,5,4,7
2021-08-22,2021-08-21,2021-08-21,2021-08-21,Ireland Thinks,1203,15,24,30,6,4,NA,NA,NA,3,NA,6,3,9
2021-09-12,2021-08-26,2021-09-06,2021-08-31,Behaviour & Attitudes,922,21,23,33,5,5,NA,NA,NA,2,NA,2,0,9
2021-09-12,2021-09-04,2021-09-10,2021-09-07,Red C,1031,13,28,30,5,4,NA,NA,NA,3,NA,5,2,10
2021-09-19,2021-09-18,2021-09-18,2021-09-18,Ireland Thinks,1000,19,23,29,4,4,NA,NA,NA,4,NA,6,4,7
2021-10-06,2021-10-02,2021-10-05,2021-10-03,Ipsos MRBI,1200,20,22,32,4,7,NA,NA,NA,2,NA,3,1,9
2021-10-17,2021-10-16,2021-10-16,2021-10-16,Ireland Thinks,1200,16,26,31,4,6,NA,NA,NA,3,NA,4,3,7
2021-10-17,2021-09-30,2021-10-12,2021-10-06,Behaviour & Attitudes,943,23,21,31,5,5,NA,NA,NA,1,NA,4,1,9
2021-10-24,2021-10-16,2021-10-22,2021-10-19,Red C,1031,12,25,33,5,4,NA,NA,NA,3,NA,6,2,10
2021-11-14,2021-10-28,2021-11-09,2021-11-03,Behaviour & Attitudes,912,20,21,37,3,5,NA,NA,NA,1,NA,3,1,9
2021-11-14,2021-11-13,2021-11-13,2021-11-13,Ireland Thinks,1000,17,24,32,4,5,NA,NA,NA,3,NA,5,3,7
2021-11-28,2021-11-19,2021-11-25,2021-11-22,Red C,1001,15,22,33,4,5,NA,NA,NA,2,NA,5,2,12
2021-12-10,2021-12-05,2021-12-08,2021-12-06,Ipsos MRBI,1200,20,20,35,4,5,NA,NA,NA,2,NA,2,1,11
2021-12-12,2021-11-25,2021-12-08,2021-12-01,Behaviour & Attitudes,933,23,20,34,5,5,NA,NA,NA,1,NA,2,0,10
2021-12-12,2021-12-11,2021-12-11,2021-12-11,Ireland Thinks,1000,17,25,31,4,4,NA,NA,NA,4,NA,3,3,9
2022-01-09,2022-01-07,2022-01-07,2022-01-07,Ireland Thinks,1369,19,23,33,4,3,NA,NA,NA,3,NA,4,2,9
2022-01-23,2022-01-06,2022-01-18,2022-01-12,Behaviour & Attitudes,917,24,22,34,4,3,NA,NA,NA,2,NA,1,0,10
2022-01-30,2022-01-21,2022-01-26,2022-01-23,Red C,1001,15,21,33,4,6,NA,NA,NA,2,NA,5,2,12
2022-02-06,2022-02-04,2022-02-05,2022-02-04,Ireland Thinks,1086,17,23,32,3,4,NA,NA,NA,3,NA,5,3,10
2022-02-13,2022-01-27,2022-02-08,2022-02-02,Behaviour & Attitudes,928,25,20,34,4,5,NA,NA,NA,1,NA,2,0,9
2022-02-27,2022-02-18,2022-02-23,2022-02-20,Red C,1001,17,20,33,4,5,NA,NA,NA,3,NA,4,2,12
2022-03-06,2022-03-04,2022-03-04,2022-03-04,Ireland Thinks,1011,20,21,31,3,4,NA,NA,NA,4,NA,6,2,9
2022-03-13,2022-02-24,2022-03-08,2022-03-02,Behaviour & Attitudes,928,23,24,33,3,4,NA,NA,NA,2,NA,1,1,9
2022-03-27,2022-03-18,2022-03-23,2022-03-20,Red C,1001,16,19,33,5,5,NA,NA,NA,3,NA,5,2,12
2022-04-03,2022-04-01,2022-04-01,2022-04-01,Ireland Thinks,1135,18,22,33,4,3,NA,NA,NA,2,NA,6,3,9
2022-04-13,2022-04-11,2022-04-12,2022-04-11,Ipsos MRBI,1200,23,22,33,4,3,NA,NA,NA,1,NA,2,1,11
2022-04-25,2022-03-31,2022-04-20,2022-04-10,Behaviour & Attitudes,957,23,24,32,5,4,NA,NA,NA,1,NA,2,1,8
2022-05-01,2022-04-22,2022-04-27,2022-04-24,Red C,1014,16,21,34,4,4,NA,NA,NA,3,NA,5,2,11
2022-05-08,2022-05-06,2022-05-06,2022-05-06,Ireland Thinks,1002,16,23,34,4,4,NA,NA,NA,3,NA,4,3,9
2022-05-15,2022-04-28,2022-05-10,2022-05-04,Behaviour & Attitudes,908,24,19,36,5,2,NA,NA,NA,2,NA,2,1,9
2022-05-29,2022-05-20,2022-05-25,2022-05-22,Red C,1002,15,20,36,3,5,NA,NA,NA,3,NA,4,2,12
2022-06-05,2022-06-04,2022-06-04,2022-06-04,Ireland Thinks,1211,17,20,35,4,3,NA,NA,NA,3,NA,5,3,10
2022-06-12,2022-05-25,2022-06-07,2022-05-31,Behaviour & Attitudes,917,22,23,37,5,4,NA,NA,NA,1,NA,0,1,7
2022-06-26,2022-06-17,2022-06-22,2022-06-19,Red C,1004,14,19,36,3,4,NA,NA,NA,4,NA,4,3,13
2022-07-03,2022-07-01,2022-07-01,2022-07-01,Ireland Thinks,1333,15,22,36,4,4,NA,NA,NA,3,NA,3,3,10
2022-07-14,2022-07-10,2022-07-12,2022-07-11,Ipsos MRBI,1200,20,18,36,4,3,NA,NA,NA,3,NA,2,1,13
2022-07-17,2022-06-30,2022-07-12,2022-07-06,Behaviour & Attitudes,917,21,21,36,6,5,NA,NA,NA,1,NA,2,1,7
2022-08-07,2022-08-05,2022-08-06,2022-08-05,Ireland Thinks,1180,17,22,35,3,4,NA,NA,NA,4,NA,4,3,8
2022-09-04,2022-09-02,2022-09-03,2022-09-02,Ireland Thinks,1127,16,21,36,3,2,NA,NA,NA,5,NA,4,3,10
2022-09-11,2022-09-01,2022-09-06,2022-09-03,Red C,1004,17,18,35,4,5,NA,NA,NA,3,NA,4,2,12
2022-09-11,2022-08-25,2022-09-06,2022-08-31,Behaviour & Attitudes,905,24,20,35,4,5,NA,NA,NA,2,NA,3,0,7
2022-10-02,2022-09-30,2022-10-01,2022-09-30,Ireland Thinks,1254,17,21,37,3,4,NA,NA,NA,4,NA,3,3,8
2022-10-16,2022-09-29,2022-10-11,2022-10-05,Behaviour & Attitudes,938,22,21,34,6,4,NA,NA,NA,2,NA,2,0,9
2022-10-27,2022-10-23,2022-10-25,2022-10-24,Ipsos MRBI,1200,21,22,35,3,4,NA,NA,NA,2,NA,3,1,9
2022-10-30,2022-10-21,2022-10-27,2022-10-24,Red C,1004,16,21,35,4,4,NA,NA,NA,2,NA,4,1,13
2022-11-06,2022-11-04,2022-11-05,2022-11-04,Ireland Thinks,1002,17,21,34,3,3,NA,NA,NA,5,NA,4,4,9
2022-11-13,2022-10-27,2022-11-08,2022-11-02,Behaviour & Attitudes,923,23,21,34,5,4,NA,NA,NA,1,NA,2,1,9
2022-11-27,2022-11-18,2022-11-23,2022-11-20,Red C,1004,15,24,31,4,5,NA,NA,NA,3,NA,4,2,12
2022-12-04,2022-12-01,2022-12-02,2022-12-01,Ireland Thinks,1352,17,23,34,3,3,NA,NA,NA,3,NA,5,4,8
2022-12-11,2022-11-24,2022-12-06,2022-11-30,Behaviour & Attitudes,923,21,23,34,3,5,NA,NA,NA,1,NA,1,0,12
2023-01-08,2023-01-05,2023-01-06,2023-01-05,Ireland Thinks,1104,16,25,32,3,4,NA,NA,NA,4,NA,3,3,10
2023-01-22,2023-01-05,2023-01-17,2023-01-11,Behaviour & Attitudes,936,25,19,34,4,5,NA,NA,NA,2,NA,2,1,8
2023-01-29,2023-01-20,2023-01-25,2023-01-22,Red C,1004,15,21,33,4,4,NA,NA,NA,3,NA,6,2,12
2023-02-05,2023-02-02,2023-02-03,2023-02-02,Ireland Thinks,1212,18,22,31,4,4,NA,NA,NA,3,NA,4,4,10
2023-02-19,2023-02-02,2023-02-14,2023-02-08,Behaviour & Attitudes,921,24,23,31,5,5,NA,NA,NA,1,NA,2,0,9
2023-02-23,2023-02-19,2023-02-21,2023-02-20,Ipsos MRBI,1200,18,22,35,4,4,NA,NA,NA,1,NA,2,0,14
2023-02-26,2023-02-17,2023-02-22,2023-02-19,Red C,998,17,21,31,4,4,NA,NA,NA,3,NA,4,2,14
2023-03-05,2023-03-03,2023-03-03,2023-03-03,Ireland Thinks,1162,19,21,29,3,4,NA,NA,NA,2,NA,9,3,10
2023-03-19,2023-03-04,2023-03-14,2023-03-09,Behaviour & Attitudes,943,20,23,32,5,5,NA,NA,NA,2,NA,4,0,9
2023-03-26,2023-03-17,2023-03-22,2023-03-19,Red C,1005,15,22,31,4,3,NA,NA,NA,3,NA,6,2,14
2023-04-02,2023-03-31,2023-04-01,2023-03-31,Ireland Thinks,1102,16,22,31,3,4,NA,NA,NA,3,NA,7,3,11
2023-04-09,2023-03-28,2023-04-04,2023-03-31,Behaviour & Attitudes,909,21,15,37,4,6,NA,NA,NA,2,NA,4,2,9
2023-04-30,2023-04-21,2023-04-26,2023-04-23,Red C,1016,16,22,31,4,4,NA,NA,NA,2,NA,5,2,14
2023-05-07,2023-05-05,2023-05-06,2023-05-05,Ireland Thinks,1175,19,20,31,4,3,NA,NA,NA,4,NA,5,2,12
2023-05-14,2023-04-27,2023-05-09,2023-05-03,Behaviour & Attitudes,906,22,17,35,4,5,NA,NA,NA,1,NA,3,1,12
2023-05-28,2023-05-19,2023-05-24,2023-05-21,Red C,1011,15,20,34,4,4,NA,NA,NA,3,NA,6,1,13
2023-06-04,2023-06-02,2023-06-02,2023-06-02,Ireland Thinks,1136,19,20,32,3,3,NA,NA,NA,2,NA,6,3,12
2023-06-15,2023-06-11,2023-06-13,2023-06-12,Ipsos MRBI,1200,21,18,31,4,4,NA,NA,NA,2,NA,5,1,14
2023-06-18,2023-06-01,2023-06-13,2023-06-07,Behaviour & Attitudes,935,21,20,34,6,6,NA,NA,NA,2,NA,2,0,9
2023-06-25,2023-06-16,2023-06-21,2023-06-18,Red C,1011,16,22,29,5,4,NA,NA,NA,3,NA,5,2,14
2023-07-02,2023-06-30,2023-07-01,2023-06-30,Ireland Thinks,1076,19,19,31,2,3,NA,NA,NA,4,NA,6,3,13
2023-07-16,2023-06-28,2023-07-12,2023-07-05,Behaviour & Attitudes,910,24,19,34,4,4,NA,NA,NA,2,NA,2,1,10
2023-08-06,2023-08-04,2023-08-05,2023-08-04,Ireland Thinks,1272,18,19,34,4,5,NA,NA,NA,3,NA,5,2,10
2023-09-03,2023-08-31,2023-09-01,2023-08-31,Ireland Thinks,1228,18,21,33,3,2,NA,NA,NA,3,NA,6,2,12
2023-09-17,2023-08-31,2023-09-12,2023-09-06,Behaviour & Attitudes,910,21,20,33,4,6,NA,NA,NA,2,NA,3,1,10
2023-09-17,2023-09-07,2023-09-12,2023-09-09,Red C,1019,16,21,31,4,4,NA,NA,NA,3,NA,5,3,13
2023-09-28,2023-09-24,2023-09-26,2023-09-25,Ipsos MRBI,1200,20,18,34,3,3,NA,NA,NA,2,NA,2,1,17
2023-10-01,2023-09-28,2023-09-29,2023-09-28,Ireland Thinks,1196,17,19,35,3,4,NA,NA,NA,2,NA,5,3,12
2023-10-15,2023-09-28,2023-10-10,2023-10-04,Behaviour & Attitudes,933,20,21,34,4,4,NA,NA,NA,1,NA,2,2,12
2023-10-29,2023-10-20,2023-10-25,2023-10-22,Red C,1018,15,20,32,5,4,NA,NA,NA,3,NA,6,2,13
2023-11-05,2023-11-02,2023-11-03,2023-11-02,Ireland Thinks,1387,18,21,31,3,4,NA,NA,NA,4,NA,5,4,10
2023-11-26,2023-11-17,2023-11-22,2023-11-19,Red C,1021,16,20,29,4,4,NA,NA,NA,3,NA,6,2,16
2023-12-03,2023-12-01,2023-12-02,2023-12-01,Ireland Thinks,1306,19,21,28,4,3,NA,NA,NA,4,NA,5,3,13
2024-01-07,2024-01-05,2024-01-06,2024-01-05,Ireland Thinks,1270,17,20,30,3,3,NA,NA,NA,3,NA,5,3,16
2024-01-28,2024-01-19,2024-01-24,2024-01-21,Red C,1003,17,20,25,4,4,NA,NA,NA,3,NA,6,3,18
2024-02-04,2024-02-01,2024-02-02,2024-02-01,Ireland Thinks,1394,17,19,29,4,3,NA,NA,NA,3,NA,5,3,17
2024-02-08,2024-02-02,2024-02-06,2024-02-04,Ipsos MRBI,1200,20,19,28,4,5,NA,NA,NA,2,NA,4,1,17
2024-02-25,2024-02-16,2024-02-21,2024-02-18,Red C,1009,16,20,28,4,3,NA,NA,NA,3,NA,7,3,16
2024-03-03,2024-03-01,2024-03-02,2024-03-01,Ireland Thinks,1083,18,20,27,4,4,NA,NA,NA,2,NA,7,2,16
2024-03-24,2024-03-15,2024-03-20,2024-03-17,Red C,1027,16,19,25,3,4,NA,NA,NA,3,NA,6,5,19
2024-03-24,2024-03-22,2024-03-23,2024-03-22,Ireland Thinks,1305,17,22,27,4,4,NA,NA,NA,2,NA,6,4,14
2024-04-07,2024-04-05,2024-04-06,2024-04-05,Ireland Thinks,1334,16,21,26,3,4,NA,NA,NA,2,NA,6,4,18
2024-04-21,2024-04-12,2024-04-17,2024-04-14,Opinions,1100,16,20,27,5,6,NA,NA,NA,3,NA,4,3,16
2024-04-28,2024-04-19,2024-04-25,2024-04-22,Red C,1027,14,20,27,3,3,NA,NA,NA,2,NA,6,4,21
2024-05-05,2024-05-02,2024-05-03,2024-05-02,Ireland Thinks,1316,16,19,29,3,4,NA,NA,NA,2,NA,6,3,18
2024-05-16,2024-05-11,2024-05-15,2024-05-13,Ipsos MRBI,1500,20,23,23,5,4,NA,NA,NA,2,NA,3,1,19
2024-05-19,2024-05-08,2024-05-15,2024-05-11,Opinions,1100,16,19,27,3,5,NA,NA,NA,3,NA,6,3,18
2024-05-26,2024-05-17,2024-05-22,2024-05-19,Red C,1021,15,22,23,4,4,NA,NA,NA,3,NA,5,3,21
2024-06-02,2024-05-30,2024-05-31,2024-05-30,Ireland Thinks,1770,17,22,22,3,4,NA,NA,NA,2,NA,5,3,22
2024-06-30,2024-06-21,2024-06-26,2024-06-23,Red C,1000,19,21,20,3,5,NA,NA,NA,3,NA,5,3,21
2024-07-07,2024-07-04,2024-07-05,2024-07-04,Ireland Thinks,1465,20,24,18,3,4,NA,NA,NA,3,NA,4,4,20
2024-08-04,2024-08-02,2024-08-03,2024-08-02,Ireland Thinks,1388,20,24,19,4,4,NA,NA,NA,2,NA,5,4,18
2024-09-01,2024-08-29,2024-08-31,2024-08-30,Ireland Thinks,1423,21,25,18,4,4,NA,NA,NA,2,NA,4,3,19
2024-09-15,2024-09-05,2024-09-10,2024-09-07,Red C,1004,18,23,18,4,4,NA,NA,NA,3,NA,6,4,20
2024-09-19,2024-09-14,2024-09-17,2024-09-15,Ipsos MRBI,1200,19,27,20,6,5,NA,NA,NA,2,NA,4,1,16
2024-09-22,2024-09-13,2024-09-19,2024-09-16,Opinions,1000,20,24,18,4,4,NA,NA,NA,3,NA,5,2,20
2024-10-06,2024-10-03,2024-10-04,2024-10-03,Ireland Thinks,1413,19,26,19,5,4,NA,NA,NA,2,NA,6,4,15
2024-10-20,2024-10-10,2024-10-16,2024-10-13,Opinions,1005,19,24,16,5,4,NA,NA,NA,3,NA,5,2,22
2024-10-27,2024-10-18,2024-10-23,2024-10-20,Red C,1003,21,22,17,4,3,NA,NA,NA,3,NA,5,3,22
2024-11-03,2024-11-01,2024-11-02,2024-11-01,Ireland Thinks,1832,20,26,18,4,4,NA,NA,NA,2,NA,6,3,17
2024-11-10,2024-11-01,2024-11-07,2024-11-04,Red C,1208,21,22,18,3,4,NA,NA,NA,2,NA,6,5,19
2024-11-15,2024-11-12,2024-11-13,2024-11-12,Ipsos MRBI,1200,19,25,19,5,3,NA,NA,NA,2,NA,4,3,20
2024-11-17,2024-11-07,2024-11-13,2024-11-10,Opinions,1000,20,23,18,4,4,NA,NA,NA,2,NA,6,2,21
2024-11-24,2024-11-21,2024-11-22,2024-11-21,Ireland Thinks,1420,20,22,20,4,3,NA,NA,NA,2,NA,5,5,19
2024-11-25,2024-11-20,2024-11-23,2024-11-21,Ipsos MRBI,1200,21,19,20,4,4,NA,NA,NA,3,NA,6,3,20
